PLAYER,TEAM,GP,< 5 Att,< 5 %,5 - 9 Att,5 - 9 %,10 - 14 Att,10 - 14 %,15 - 19 Att,15 - 19 %,20 - 24 Att,20 - 24 %,25 - 29 Att,25 - 29 %,0 - 2 Att 2,0 -2 % 2,2 - 4 Att 2,2 - 4 % 2,4 - 6 Att 2,4 - 6 % 2,6 + Att 2,6 + % 2,0 - 2 Att 3,0 -2 % 3,2 - 4 Att 3,2 - 4 % 3,4 - 6 Att 3,4 - 6 % 3,6 + Att 3,6 + % 3,2P Adj,3P Adj
Aaron Gordon,ORL,53,5,66.3,0.9,21.7,1.2,33.3,1.8,29.5,2,36.4,4.1,34.1,65,56.9,220,55,126,51.6,36,52.8,0.001,0.001,22,9.1,98,30.6,191,39.3,3.9,-4.4
Aaron Harrison,DAL,5,0.6,100,0.001,0.001,0.2,0.001,0.8,50,1.8,11.1,2,10,1,100,5,40,3,66.7,0.001,0.001,0.001,0.001,0.001,0.001,7,14.3,11,9.1,12.9,0.9
Abdel Nader,BOS,42,1,40,0.4,18.8,0.1,33.3,0.1,0.001,0.8,38.7,0.8,34.4,12,41.7,34,38.2,11,27.3,0.001,0.001,1,100,8,37.5,14,21.4,37,40.5,5.2,8
Al Horford,BOS,68,2.9,67.9,1.9,41.1,1.4,37,0.9,48.3,1.2,39.8,2.2,44.7,94,60.6,184,55.4,110,48.2,59,52.5,0.001,0.001,3,33.3,28,42.9,171,43.3,-7.5,-4.2
Al Jefferson,IND,34,2.1,61.1,1.4,48.9,1,63.6,1.2,38.5,0.2,20,0.001,0.001,36,72.2,81,59.3,34,47.1,24,54.2,0.001,0.001,1,0.001,0.001,0.001,0.001,0.001,2,0.9
Al-Farouq Aminu,POR,4,1.8,57.1,2,37.5,0.8,0.001,0.001,0.001,0.001,0.001,0.001,0.001,4,50,7,42.9,3,33.3,1,100,0.001,0.001,0.001,0.001,0.001,0.001,0.001,0.001,4.8,-9.4
Alan Williams,PHX,62,2.1,56.9,0.8,29.2,0.7,33.3,0.6,40,1.1,38.2,1.2,28.8,31,41.9,135,48.9,65,53.8,12,58.3,2,50,15,13.3,47,21.3,69,43.5,6.3,8
Alec Burks,UTA,16,0.4,66.7,0.001,0.001,0.001,0.001,0.1,50,1,13.3,1.5,25,2,50,5,80,1,0.001,0.001,0.001,0.001,0.001,1,0.001,12,16.7,27,22.2,-9,5.5
Alec Peters,PHX,72,0.6,52.5,0.1,28.6,0.1,62.5,0.1,0.001,1.5,37.9,1.5,39.8,10,30,26,57.7,11,45.5,10,50,0.001,0.001,14,0.001,82,45.1,105,41,-0.1,11.5
Alex Abrines,OKC,31,1.1,69.7,0.3,37.5,0.3,22.2,0.1,25,0.3,11.1,0.7,30,12,25,22,77.3,8,75,9,33.3,0.001,0.001,1,0.001,10,0.001,19,36.8,-3.8,-7.8
Alex Caruso,LAL,65,4.4,60.6,0.3,29.4,0.3,50,0.2,18.2,0.1,0.001,0.001,0.001,98,53.1,139,68.3,41,75.6,22,59.1,0.001,0.001,0.001,0.001,0.001,0.001,0.001,0.001,-2.1,5.2
Alex Len,PHX,64,2.1,58.1,0.7,26.1,0.2,18.2,0.4,11.5,2.5,42.4,2.6,33.3,38,34.2,120,51.7,40,40,12,50,1,100,23,34.8,88,35.2,203,39.4,-3.4,-2.1
Allen Crabbe,BKN,71,1.2,69,0.8,40.7,0.6,33.3,0.7,40,3.3,34.5,4.2,36.7,37,40.5,125,51.2,61,45.9,33,48.5,18,33.3,107,33.6,178,38.2,163,38,-2.6,-4.6
Amir Johnson,PHI,68,1.9,63.4,0.7,48,0.1,11.1,0.001,66.7,0.2,33.3,0.2,26.7,47,68.1,95,62.1,22,72.7,4,75,0.001,0.001,0.001,0.001,4,0.001,23,34.8,-3.7,-4.5
Andre Drummond,DET,75,8.6,60.7,1.9,28.6,0.6,28.3,0.001,0.001,0.001,0.001,0.001,0.001,219,60.3,449,54.6,80,60,29,69,0.001,0.001,1,0.001,1,0.001,6,0.001,-1.8,3.5
Andre Iguodala,GSW,63,1.8,74.3,0.3,22.7,0.3,36.8,0.6,35,0.7,28.6,1.2,32.9,19,63.2,105,60,43,58.1,22,59.1,0.001,0.001,11,27.3,40,45,62,19.4,-0.5,-7.8
Andre Roberson,OKC,39,3.2,63.7,0.001,0.001,0.001,0.001,0.001,0.001,0.7,19.2,0.2,37.5,24,62.5,50,70,21,76.2,10,70,0.001,0.001,4,25,2,50,29,20.7,2.4,-2.9
Andrew Harrison,MEM,56,2.6,55.8,0.6,37.1,0.4,37.5,1,37.9,1.4,30.9,1.4,37,32,59.4,143,47.6,71,60.6,12,33.3,0.001,0.001,10,20,50,28,82,37.8,-2.2,2.8
Andrew White III,ATL,14,0.9,33.3,0.1,100,0.2,33.3,0.3,25,1.8,37.5,1.8,36,2,50,10,30,6,33.3,4,25,0.001,0.001,10,40,18,50,13,30.8,4.9,11.4
Andrew Wiggins,MIN,78,4.5,66.2,1.9,45.4,1.9,35.6,2.3,34.1,2.6,35,2.5,31,160,56.3,468,53.8,196,40.3,38,57.9,0.001,0.001,30,20,123,38.2,170,31.8,3.5,0.8
Anthony Davis,NOP,70,8.5,72.1,2.7,42.9,2.6,45,2.7,36.7,1.5,32.7,1.5,35,209,61.2,574,60.3,284,52.8,97,51.5,0.001,0.001,9,55.6,31,29,115,32.2,-7.7,-3.5
Anthony Tolliver,DET,74,0.9,63.2,0.2,23.1,0.1,42.9,0.001,33.3,1.7,39.8,2.8,42.9,17,47.1,46,54.3,19,73.7,5,80,1,0.001,33,30.3,121,42.1,170,44.7,-4.7,-5.4
Antonio Blakeney,CHI,19,1.6,51.6,0.5,20,0.6,33.3,1.3,41.7,2.3,40.5,1.3,16.7,9,55.6,39,33.3,30,53.3,4,50,0.001,0.001,8,12.5,24,25,18,44.4,2.2,-6
Aron Baynes,BOS,75,2.3,52,0.8,42.4,0.9,44.3,0.9,51.5,0.3,26.1,0.001,0.001,79,44.3,123,55.3,64,51.6,75,57.3,0.001,0.001,0.001,0.001,2,0.001,12,16.7,-3.1,-13.5
Arron Afflalo,ORL,51,0.5,60.9,0.2,50,0.4,27.8,0.5,30.8,0.9,34.9,0.5,39.3,9,66.7,40,37.5,25,44,7,42.9,0.001,0.001,10,20,31,48.4,23,34.8,-4.7,5.6
Austin Rivers,LAC,57,5,53.3,1.2,33.3,0.8,33.3,0.2,35.7,2,39.8,4,37.1,90,55.6,195,52.8,61,55.7,19,47.4,2,50,23,39.1,170,37.1,141,39.7,1,0.1
Avery Bradley,LAC,46,3.8,55.5,1.1,34,1.1,33.3,2,40.7,3.3,36.4,2.3,33.3,47,40.4,176,52.8,112,42,36,66.7,6,33.3,17,52.9,67,25.4,109,43.1,2.7,2.5
Bam Adebayo,MIA,65,3.7,59.8,0.6,33.3,0.4,24,0.2,33.3,0.001,0.001,0.001,0.001,79,51.9,137,58.4,46,67.4,26,50,0.001,0.001,2,0.001,0.001,0.001,5,0.001,-6,-2.4
Ben McLemore,MEM,51,2,56,0.4,19,0.3,66.7,0.6,29,1.5,35.1,1.5,37.7,27,51.9,90,48.9,40,52.5,14,50,1,0.001,17,17.6,45,33.3,71,42.3,2.6,5.7
Ben Simmons,PHI,75,7.1,69.3,2.6,35.9,2,32,0.6,35.7,0.001,33.3,0.001,0.001,152,53.3,469,55.4,183,60.7,44,79.5,1,0.001,1,0.001,3,0.001,6,0.001,-1.8,-7.5
Bismack Biyombo,ORL,76,2.7,62,0.9,34.3,0.4,31.3,0.2,23.1,0.001,0.001,0.001,0.001,63,61.9,146,58.9,55,56.4,18,38.9,0.001,0.001,0.001,0.001,0.001,0.001,0.001,0.001,-2.1,0.8
Blake Griffin,DET,58,6.4,62.6,2.2,33.1,0.8,18.2,1.5,35.2,2.5,34.7,3.6,33.2,140,59.3,311,54,130,43.8,62,35.5,2,0.001,13,15.4,143,35.7,168,36.3,-1,-2.5
Bobby Portis,CHI,68,4.3,53.4,1.1,50.7,0.9,47.5,1.1,48.7,1.7,34.5,2,38.8,128,51.6,200,59,115,52.2,48,66.7,0.001,0.001,5,40,78,32.1,127,38.6,4.5,-2.3
Bogdan Bogdanovic,SAC,74,1.9,57.6,0.7,37,1,48.7,1.1,40,2.3,51.2,2.4,35.8,51,56.9,165,52.1,128,50,38,63.2,2,50,51,29.4,146,39.7,106,46.2,2.6,3.9
Bojan Bogdanovic,IND,76,3.2,61.2,0.9,46.4,0.8,45.3,0.8,45.8,2,41.6,2.9,38.5,77,71.4,185,58.4,89,57.3,29,65.5,0.001,0.001,33,36.4,133,36.8,193,42.5,3.7,1.6
Bradley Beal,WAS,77,4.5,64,1.1,36.8,2,42.9,2.9,44.1,2.8,40.8,4.7,37.3,114,56.1,385,52.5,245,51.8,100,63,6,16.7,71,26.8,196,33.7,218,45.9,3.6,-1.9
Brandan Wright,HOU,28,2.7,66.7,0.5,30.8,0.4,36.4,0.1,33.3,0.001,0.001,0.001,0.001,28,60.7,47,55.3,18,77.8,2,100,0.001,0.001,0.001,0.001,0.001,0.001,0.001,0.001,-4.4,1.3
Brandon Ingram,LAL,59,5.8,59.8,1,18.3,1.3,31.6,2.3,42.2,1.6,45.3,0.9,35.8,90,55.6,316,54.4,153,50.3,39,46.2,0.001,0.001,15,40,32,37.5,57,40.4,1.3,-4.9
Brandon Jennings,MIL,11,0.7,62.5,0.3,0.001,0.5,33.3,0.6,57.1,0.5,33.3,1.8,30,6,50,7,42.9,5,60,5,40,0.001,0.001,5,20,10,40,11,27.3,4.8,30
Briante Weber,MEM,18,0.8,50,0.5,37.5,0.2,33.3,0.4,50,0.3,50,0.4,37.5,7,28.6,12,66.7,7,42.9,3,66.7,0.001,0.001,0.001,0.001,0.001,0.001,11,36.4,20,13.7
Brook Lopez,LAL,68,2.7,70.9,2,48.9,1.3,37.6,0.5,42.4,1.1,42.7,3.3,32.1,66,56.1,249,61.4,81,46.9,13,38.5,0.001,0.001,8,50,52,25,233,36.1,-4.3,1.9
Bryn Forbes,SAS,75,0.6,54.5,0.9,49.2,0.6,39.5,1.1,40.8,1.6,40.5,1.7,35.8,15,53.3,123,49.6,71,40.8,24,50,0.001,0.001,21,38.1,92,38,101,40.6,3.8,-4.5
Buddy Hield,SAC,76,2.4,56.9,0.7,37.3,0.9,33.3,1.8,45,2.9,42.9,2.8,41.8,54,44.4,200,49,142,52.8,51,54.9,5,60,22,22.7,148,43.2,207,46.4,5.3,-2.1
C.J. Williams,LAC,33,1.4,73.8,0.6,38.9,0.6,52.6,0.6,37.5,1.3,30.8,1.1,29.4,10,40,44,65.9,24,54.2,12,66.7,1,0.001,6,50,23,26.1,39,33.3,-4.2,4.9
CJ McCollum,POR,20,2.5,53.1,1,35,0.3,0.001,0.5,60,1.2,41.7,2.6,36.5,8,37.5,39,61.5,15,53.3,11,54.5,3,0.001,6,0.001,25,24,37,54.1,3.9,-9.8
CJ Miles,TOR,67,4,57.5,1.2,37.2,0.9,38.7,0.6,30.2,1.5,34,2.1,34.7,62,51.6,219,56.2,95,48.4,27,51.9,1,0.001,2,0.001,71,39.4,152,33.6,1,6.3
Cameron Payne,CHI,74,2,52.3,0.8,33.9,2.2,45.4,2.8,42.4,3.6,35.7,3.6,36.2,76,50,298,48.3,178,42.7,40,57.5,4,25,76,36.8,179,31.3,178,43.3,3.3,-2.6
Caris LeVert,BKN,56,1,68,0.2,85.7,0.1,66.7,0.3,43.8,1,38,0.4,37.5,5,100,36,72.2,24,58.3,16,37.5,0.001,0.001,1,0.001,9,11.1,58,44.8,-3,-1.1
Carmelo Anthony,OKC,36,1.2,62.8,0.3,41.7,0.5,50,0.7,30.8,1.4,53.8,2.3,37.8,10,60,48,60.4,32,43.8,14,57.1,0.001,0.001,15,6.7,57,43.9,48,52.1,3.5,5.7
Cedi Osman,CLE,48,0.9,80.5,0.1,100,0.1,50,0.2,60,1.2,35.2,1.4,35.9,10,80,39,71.8,14,71.4,18,55.6,0.001,0.001,5,20,25,24,65,38.5,3.7,11.7
Chandler Parsons,MEM,47,2.1,67.7,0.5,47.8,0.6,50,0.4,33.3,0.1,0.001,0.001,0.001,25,60,69,63.8,26,65.4,18,50,0.001,0.001,0.001,0.001,0.001,0.001,0.001,0.001,3.8,6.9
Channing Frye,LAL,54,1.6,60.5,1.1,45,2.4,46.6,2,56.6,2,45.3,4.4,37.2,20,25,167,53.9,149,55,44,63.6,2,0.001,48,31.3,198,41.4,95,37.9,5.2,-0.8
Cheick Diallo,NOP,76,4.1,51.7,2.1,42.1,2.4,50.8,3.1,43.3,3.2,39.8,3.5,41,109,41.3,413,51.6,276,55.1,70,54.3,18,27.8,86,36,185,41.6,151,45,-2.3,0.4
Chris Paul,HOU,64,0.9,63.8,0.4,16,0.2,46.2,0.3,36.8,2.5,37.7,4,36.3,31,48.4,58,50,23,43.5,2,100,9,33.3,115,33,161,36.6,126,42.9,-1.1,-3.8
Clint Capela,HOU,70,8.2,68.3,0.8,34.5,0.1,55.6,0.001,33.3,0.001,0.001,0.001,0.001,149,65.1,327,72.8,72,79.2,31,83.9,0.001,0.001,0.001,0.001,0.001,0.001,0.001,0.001,-1.9,2
Cody Zeller,CHA,33,3.5,57.9,0.5,46.7,0.1,50,0.3,44.4,0.4,42.9,0.1,50,22,63.6,76,67.1,12,66.7,22,45.5,0.001,0.001,0.001,0.001,0.001,0.001,3,66.7,-2.8,-20
Corey Brewer,OKC,68,2.4,56.4,0.2,30.8,0.1,0.001,0.1,50,1,32.9,0.3,27.8,35,54.3,76,53.9,44,75,11,72.7,0.001,0.001,10,30,38,28.9,44,27.3,-7.3,8.2
Cory Joseph,IND,77,1.5,52.9,0.6,55.8,0.9,40.9,1.7,41.2,1.1,35.2,1.5,35.9,32,59.4,143,49.7,128,46.9,50,48,0.001,0.001,12,25,60,30,105,41,7.9,-1.2
Courtney Lee,NYK,72,1.9,62.5,0.7,41.5,1.2,46.5,1.7,43.3,2.4,39.4,2,36.4,65,47.7,192,52.1,120,45,41,65.9,2,50,19,42.1,80,37.5,154,40.9,4.2,-2
Cristiano Felicio,CHI,50,2.7,66.7,0.4,50,0.2,11.1,0.3,46.7,0.1,33.3,0.001,0.001,37,73,84,69,27,55.6,17,52.9,0.001,0.001,0.001,0.001,0.001,0.001,1,0.001,2.2,0.3
D'Angelo Russell,BKN,69,2.3,53.8,0.5,28.6,0.3,44.4,0.3,43.5,1.1,44,2.7,41.6,38,42.1,113,58.4,41,56.1,15,80,4,0.001,28,28.6,122,49.2,96,39.6,3.5,0.4
D.J. Augustin,ORL,69,6,53.4,0.9,50.8,1.2,40,1.6,47.2,2.5,37.4,6.5,38.2,108,59.3,309,55,178,55.6,67,53.7,29,27.6,138,34.8,257,35.8,153,41.2,2.5,3.8
Damian Lillard,POR,10,2.1,57.1,1.1,36.4,1,50,0.6,50,2.2,31.8,1.6,31.3,7,28.6,21,47.6,15,73.3,4,75,0.001,0.001,4,25,15,33.3,18,22.2,-3.6,-1.5
Damion Lee,ATL,43,3,56.3,1.9,35,1.5,43.1,1.5,51.5,2.1,33.7,4,32.7,44,43.2,199,50.8,83,45.8,21,71.4,3,33.3,42,19,113,29.2,78,44.9,-8.5,-14.9
Daniel Theis,BOS,63,1.9,68.9,0.2,41.7,0.2,53.3,0.4,47.8,0.5,40,0.5,23.5,38,86.8,59,64.4,36,63.9,21,52.4,1,0.001,1,0.001,12,25,45,33.3,2.7,12.6
Danilo Gallinari,LAC,21,2.8,55.2,0.6,33.3,1.1,30.4,1.6,42.4,2.7,38.6,3.4,31,21,52.4,48,58.3,54,44.4,7,42.9,0.001,0.001,7,28.6,64,31.3,40,35,-4.7,3.1
Danny Green,SAS,65,1.7,51.4,0.5,33.3,0.4,24,0.6,45,2.6,41.6,2.4,32,28,42.9,108,44.4,54,50,19,42.1,7,14.3,35,31.4,104,34.6,160,41.3,-2.1,-2.4
Dante Cunningham,BKN,69,1.9,62.6,0.2,12.5,0.2,16.7,0.2,42.9,1.9,39.4,0.5,28.1,21,61.9,94,60.6,27,66.7,17,58.8,0.001,0.001,3,33.3,38,34.2,121,34.7,-1.2,-2.4
Dante Exum,UTA,9,3.1,64.3,1,66.7,0.2,50,0.001,0.001,1.1,30,0.1,100,5,80,26,61.5,7,71.4,0.001,0.001,0.001,0.001,0.001,0.001,1,0.001,9,44.4,3.1,3.5
Danuel House,PHX,19,1.6,58.1,0.4,37.5,0.1,100,0.1,0.001,0.9,38.9,1,21.1,5,60,18,55.6,9,88.9,3,66.7,1,0.001,1,100,13,15.4,22,31.8,-12.3,6
Dario Saric,PHI,74,3.6,61.4,0.9,35.7,0.4,33.3,1,36.1,1.5,41.1,4.1,38.9,72,61.1,197,59.4,93,51.6,50,48,0.001,0.001,21,28.6,151,37.1,202,44.1,-1.8,-7.4
Darius Miller,NOP,77,0.2,58.8,0.1,20,0.4,55.6,0.6,48.8,1.8,52.8,2.8,37.4,7,28.6,40,52.5,49,59.2,16,56.3,3,33.3,43,34.9,131,41.2,157,43.3,1,-1.2
Darren Collison,IND,64,2.5,61.3,0.3,19,0.3,50,2.3,45.6,2,48.8,1.8,45.5,32,34.4,130,53.8,130,59.2,72,62.5,2,50,14,28.6,61,42.6,111,48.6,-1,-1.2
David Nwaba,CHI,65,3.7,57.6,0.9,31.7,0.2,28.6,0.001,0.001,0.5,35.5,0.2,42.9,89,55.1,144,56.3,33,69.7,13,84.6,0.001,0.001,0.001,0.001,10,30,35,37.1,3.1,1.5
David West,GSW,68,2,73.9,0.8,38.9,0.8,56.6,1.4,52.7,0.3,26.3,0.1,50,45,60,117,65,90,51.1,89,61.8,0.001,0.001,1,0.001,0.001,0.001,7,42.9,6.6,1.4
Davis Bertans,SAS,73,0.8,77.2,0.2,31.3,0.2,57.1,0.2,21.4,1.2,38.5,2.7,37.1,15,66.7,52,71.2,26,50,12,33.3,0.001,0.001,24,37.5,97,32,126,41.3,-7,-2.4
Davon Reed,PHX,17,0.7,33.3,0.2,25,0.2,66.7,0.4,20,0.8,23.1,1.2,30,72,44.4,11,45.5,8,25,4,25,1,100,1,100,15,33.3,11,27.3,-4.9,-5.7
De'Aaron Fox,SAC,69,3.5,56.5,1.6,39.3,1.2,30.9,1.8,42.1,1.7,27.5,0.9,29.2,21,33.3,242,58.7,171,39.2,61,42.6,0.001,0.001,9,0.001,41,34.1,85,30.6,5.3,1.5
DeAndre Jordan,LAC,22,2.5,50,0.5,25,0.5,27.3,0.1,50,0.7,40,0.4,22.2,124,56.5,35,54.3,8,50,5,80,0.001,0.001,4,0.001,9,44.4,12,33.3,2.9,3.1
DeAndre Liggins,NOP,72,7,67.1,0.5,32.4,0.001,33.3,0.001,0.001,0.001,0.001,0.001,0.001,4,50,280,66.8,76,84.2,30,93.3,0.001,0.001,0.001,0.001,0.001,0.001,0.001,0.001,8.7,2.4
DeAndre' Bembry,ATL,54,0.4,40.9,0.1,60,0.001,0.001,0.2,37.5,0.9,33.3,0.3,56.3,73,57.5,13,38.5,16,43.8,11,54.5,0.001,0.001,1,0.001,7,42.9,44,34.1,-3.8,-1.1
DeMar DeRozan,TOR,76,3.7,53.3,1.1,40.2,1.4,34,1,37.5,0.4,30,0.1,25,55,54.5,263,46.8,124,47.6,34,55.9,1,0.001,0.001,0.001,3,0.001,28,32.1,7.6,6.3
DeMarcus Cousins,NOP,63,3.2,57.7,0.6,29.7,0.2,36.4,0.1,50,0.8,35.4,1.3,38.8,164,56.7,130,51.5,31,74.2,17,76.5,1,0.001,7,28.6,23,30.4,103,40.8,2,1.8
DeMarre Carroll,BKN,75,4.4,62.7,2.1,47.5,3.6,41.6,3.2,44.7,2.5,35.3,1.9,34,140,57.9,524,54.8,262,48.5,44,50,4,0.001,72,27.8,134,30.6,63,36.5,-0.8,-5.2
Dejounte Murray,SAS,48,8.3,59.8,1.6,37.3,0.7,48.6,0.6,38.7,1.5,29.7,5.1,35.8,69,52.2,271,62,75,61.3,24,29.2,5,20,9,11.1,100,27,180,42.2,-2.5,2.6
Delon Wright,TOR,72,3,56,1.1,34.1,0.7,36.7,0.4,26.7,3,39.4,2.5,33.1,123,61.8,181,48.6,62,67.7,16,56.3,0.001,0.001,56,42.9,181,36.5,136,37.5,-2.3,3.8
Dennis Schroder,ATL,67,6,52.7,1.1,37,2,42.2,3.3,47.7,2.3,32.9,2.2,30.6,116,50.9,390,53.6,198,53,49,55.1,3,0.001,11,45.5,103,25.2,141,30.5,0.4,0.6
Dennis Smith Jr.,DAL,66,5.6,54.9,0.8,22.6,1,19,1.6,30.8,2.7,35.2,3,32.5,18,66.7,234,54.3,153,43.8,57,50.9,2,0.001,27,29.6,154,29.2,135,37,6.3,1.8
Denzel Valentine,CHI,77,1.4,56.1,0.8,42.2,1,43.4,0.9,35.3,2.4,36.4,2.8,41.5,97,68,166,50.6,99,46.5,42,38.1,0.001,0.001,21,23.8,105,35.2,239,42.3,7.8,-3.2
Derrick Favors,UTA,72,5.1,72.7,0.9,38.8,0.8,35.7,1.2,39.1,0.9,27.7,0.1,25,6,33.3,251,72.5,138,49.3,68,51.5,0.001,0.001,1,0.001,14,28.6,38,21.1,6.5,0.001
Derrick Jones Jr.,MIA,18,1.4,52.2,0.4,57.1,0.1,0.001,0.001,0.001,0.6,18.2,0.3,0.001,16,75,19,63.2,2,100,0.001,0.001,0.001,0.001,0.001,0.001,4,25,12,8.3,-5.9,0.7
Derrick Rose,MIN,21,3.7,64.9,0.9,21.1,0.6,41.7,1,19,1,27.3,0.7,30.8,90,45.6,61,54.1,40,47.5,7,42.9,5,20,2,50,12,16.7,13,23.1,-6.3,6.2
Devin Booker,PHX,54,4.2,57.7,2.1,33.3,2.9,40.8,2.2,46.3,3,40.5,4.8,38.3,47,44.7,345,50.7,141,46.1,37,73,5,20,90,37.8,179,40.2,106,37.7,6.5,3.6
Devin Harris,DEN,66,2.2,58.3,0.5,19.4,0.2,42.9,0.3,21.1,1.4,33.3,1.6,38.5,41,65.9,88,58,42,54.8,10,30,0.001,0.001,20,15,78,33.3,99,39.4,1.3,2.9
Dewayne Dedmon,ATL,58,2.5,73.1,0.7,50,0.9,44.4,1,51.7,1.8,38.1,0.8,32.6,32,65.6,130,65.4,87,58.6,36,52.8,0.001,0.001,12,8.3,41,34.1,82,40.2,-0.9,4.4
Deyonta Davis,MEM,57,2.6,73.5,0.4,34.8,0.4,42.9,0.6,40,0.1,33.3,0.001,0.001,53,54.7,102,65.7,49,65.3,34,52.9,0.001,0.001,0.001,0.001,0.001,0.001,0.001,0.001,-2.5,-1.5
Dillon Brooks,MEM,77,2.9,60.3,0.9,45.8,0.9,35.3,0.8,21.9,1.5,38.1,2,37.5,28,42.9,205,54.6,131,45.8,27,63,1,0.001,25,24,101,39.6,111,36.9,3.6,-1.6
Dion Waiters,MIA,30,4.4,55.6,0.6,26.3,0.5,42.9,1.6,34,3,39.3,3.5,26,32,62.5,98,60.2,63,39.7,26,53.8,2,0.001,28,14.3,88,33,49,38.8,5.3,2.8
Dirk Nowitzki,DAL,76,0.5,72.5,0.2,42.9,1.6,48,2.3,48.3,2.2,47.9,2.9,36.8,120,57.5,207,46.4,129,52.7,45,48.9,0.001,0.001,57,49.1,136,36,131,44.3,4.8,-0.9
Domantas Sabonis,IND,69,4.9,62.9,1.2,40.2,0.6,38.6,0.9,33.3,0.6,40,0.4,34.5,87,50.6,242,63.6,76,48.7,85,45.9,5,0.001,0.001,0.001,2,100,30,33.3,-1.2,4
Donovan Mitchell,UTA,74,5.3,59.5,1.5,40.7,1.4,36.9,1.3,43.4,2.6,36.7,4.7,33.9,3,66.7,390,55.4,152,56.6,54,63,0.001,0.001,57,29.8,213,34.3,238,35.3,-1.3,-0.1
Dorian Finney-Smith,DAL,17,0.9,73.3,0.2,25,0.1,0.001,0.1,0.001,1.8,33.3,1.1,16.7,42,54.8,9,55.6,7,42.9,3,100,0.001,0.001,0.001,0.001,10,30,33,27.3,-2.5,-3.2
Doug McDermott,DAL,77,2.2,61.6,0.3,42.3,0.3,34.8,0.5,24.4,1.4,43.5,1.5,42.2,35,42.9,139,55.4,57,52.6,12,41.7,0.001,0.001,12,25,82,40.2,101,49.5,-14.2,20.9
Dragan Bender,PHX,78,1.2,51.1,0.4,26.7,0.1,20,0.1,11.1,1.8,34.3,2.1,37.3,68,55.9,68,50,18,44.4,7,42.9,0.001,0.001,12,33.3,77,44.2,208,33.7,0.1,-5.1
Draymond Green,GSW,65,3.7,65.5,0.6,40,0.6,39,0.3,18.2,0.8,29.4,2.8,32.1,12,41.7,145,64.8,73,57.5,28,71.4,0.001,0.001,7,14.3,54,25.9,175,33.1,-0.3,2.1
Dwayne Bacon,CHA,53,0.8,61.5,0.3,37.5,0.6,33.3,1.1,34,0.8,31.8,0.3,12.5,18,55.6,67,49.3,54,35.2,12,33.3,1,0.001,4,0.001,9,44.4,30,23.3,-5.1,-1.4
Dwight Buycks,DET,29,2.6,50.7,0.5,23.1,0.5,42.9,1.2,34.4,1.3,44.1,0.8,33.3,183,60.1,51,58.8,46,41.3,15,53.3,0.001,0.001,3,33.3,15,33.3,24,37.5,0.5,0.001
Dwight Howard,CHA,77,7.6,66,2,35.9,0.5,36.8,0.7,32.1,0.4,28.1,0.001,33.3,54,64.8,412,64.6,100,61,90,46.7,0.001,0.001,1,0.001,0.001,0.001,6,16.7,-1.4,-0.1
Dwight Powell,DAL,75,3.5,73.6,0.3,28,0.1,33.3,0.2,37.5,0.7,36.7,0.4,32.3,54,61.1,165,74.5,48,75,40,57.5,0.001,0.001,2,0.001,5,20,58,36.2,-1.3,-0.4
Dwyane Wade,MIA,63,3.6,63.4,1.1,40.3,1.7,27.1,1.9,39.5,1,26.7,1,37.7,80,53.8,261,49.8,149,43.6,42,59.5,0.001,0.001,23,34.8,48,22.9,31,38.7,-4.8,-0.7
E'Twaun Moore,NOP,76,3.1,62.3,0.5,40.5,0.1,44.4,0.001,0.001,0.001,0.001,0.001,0.001,18,44.4,152,67.1,19,89.5,3,100,0.001,0.001,0.001,0.001,1,0.001,0.001,0.001,-2.9,-4.1
Ed Davis,POR,59,1.2,64.3,0.5,35.7,0.2,25,0.1,0.001,0.001,0.001,0.001,0.001,117,60.7,55,63.6,23,47.8,6,66.7,1,0.001,0.001,0.001,0.001,0.001,1,0.001,-2.7,5.3
Ekpe Udoh,UTA,63,5.5,62.5,1.6,36.3,0.9,39,0.9,33.9,0.9,34.5,0.8,31.4,11,36.4,265,55.5,110,60.9,28,50,0.001,0.001,4,0.001,28,50,58,27.6,-3.2,-5.3
Elfrid Payton,PHX,23,2.4,54.5,0.5,33.3,0.6,38.5,0.5,54.5,0.001,0.001,0.001,0.001,46,52.2,39,61.5,19,63.2,9,55.6,0.001,0.001,0.001,0.001,0.001,0.001,0.001,0.001,4.7,1.2
Emeka Okafor,NOP,62,2.9,51.4,0.8,29.4,1,35,1.2,34.7,1.1,41.8,1.4,26.2,177,69.5,134,51.5,114,40.4,31,45.2,0.001,0.001,14,21.4,61,27.9,66,39.4,-4.4,8.3
Emmanuel Mudiay,NYK,71,6.9,65,1.9,48.5,0.6,45.7,0.6,45,0.001,0.001,0.001,0.001,44,47.7,342,68.4,77,50.6,40,52.5,2,0.001,0.001,0.001,1,0.001,1,0.001,5.4,4.9
Enes Kanter,NYK,69,4.6,65,1,39.4,1.1,43.4,1.5,41.2,1.8,34.7,3.5,35.8,69,58,265,57,174,55.7,72,70.8,19,15.8,24,16.7,131,29.8,184,40.8,1.6,8.1
Eric Bledsoe,MIL,67,3.9,62.9,0.7,32.7,0.3,30.4,0.2,27.3,2.1,40.6,6.5,35.2,24,41.7,178,66.9,49,55.1,15,66.7,0.001,0.001,47,36.2,203,26.1,316,44.3,-1.6,2.4
Eric Gordon,HOU,62,1.2,59.5,0.3,38.9,0.1,16.7,0.001,0.001,0.001,0.001,0.001,0.001,40,57.5,45,64.4,14,42.9,8,87.5,2,100,0.001,0.001,0.001,0.001,0.001,0.001,-1.3,-6.1
Eric Moreland,DET,63,3,60,0.4,37.5,0.5,50,0.8,41.7,2.2,38.2,1.8,33,69,58,150,58,74,58.1,31,45.2,0.001,0.001,36,30.6,99,38.4,82,31.7,-3,2.2
Ersan Ilyasova,PHI,77,2.9,61.4,1.8,56.4,0.9,43.9,0.5,36.6,2.5,46.1,1.6,35.8,73,49.3,244,56.6,112,60.7,32,68.8,1,0.001,29,41.4,104,36.5,144,45.1,-3,4.9
Evan Fournier,ORL,57,4,60.5,1.2,45.1,1.1,33.9,1.1,51.6,2.6,42.4,4,35.8,32,65.6,210,60.5,104,58.7,37,45.9,1,0.001,30,33.3,145,32.4,156,44.9,4.5,3.3
Evan Turner,POR,74,1.1,61.2,1.1,43.4,1.9,45.3,1.4,45.2,1.4,33,0.4,34.4,63,57.1,190,50.5,151,45.7,31,51.6,1,0.001,0.001,0.001,21,23.8,96,34.4,5.5,-0.2
Frank Kaminsky,CHA,75,2.1,60,1.7,38.8,1.1,42.2,0.6,20.9,0.7,32.1,2.7,40.1,35,42.9,210,49,80,46.3,23,47.8,0.001,0.001,7,0.001,50,30,190,42.6,-2.4,-1.8
Frank Mason,SAC,50,2.6,43.4,1,31.3,0.6,35.5,1,31.9,1.2,49.2,1,31.3,28,39.3,151,39.7,46,63,27,25.9,0.001,0.001,16,25,40,47.5,27,25.9,2.8,6.3
Frank Ntilikina,NYK,73,1.2,51.1,0.3,19,0.7,31.5,1.1,29.5,1.4,36.2,1.2,35.6,55,70.9,134,39.6,87,39.1,38,47.4,2,100,6,0.001,54,35.2,79,31.6,6.9,-0.1
Fred VanVleet,TOR,71,2.9,50.7,0.4,32.3,0.2,5.9,0.2,33.3,1.6,44.6,1.8,40.3,28,46.4,134,45.5,31,41.9,10,70,2,50,26,23.1,54,33.3,159,47.2,-4.8,-0.2
Garrett Temple,SAC,65,1.3,56.5,0.3,27.8,0.5,46.9,1.3,37.8,2.3,38.9,1.6,40,68,58.8,92,48.9,83,42.2,33,51.5,2,0.001,12,16.7,85,37.6,122,42.6,-1.2,1.1
Gary Harris,DEN,65,4.1,66.8,0.9,41.4,1,47.8,1.2,37.3,3.3,40.6,3.1,39.7,31,58.1,219,59.8,120,56.7,52,71.2,1,0.001,21,33.3,196,37.2,160,43.8,-0.9,3.5
George Hill,CLE,65,1.6,66,0.9,37.9,0.8,44.9,1,39.4,2,44.5,1.5,36.5,12,33.3,150,50,72,55.6,35,45.7,1,0.001,15,33.3,51,45.1,133,42.1,2.6,-2.8
Gerald Green,HOU,36,1.3,51.1,0.2,37.5,0.6,52.2,0.5,41.2,2.7,34.7,4.4,38.1,198,67.2,44,61.4,30,36.7,9,66.7,1,0.001,73,28.8,96,35.4,82,45.1,2.1,0.6
Giannis Antetokounmpo,MIL,72,9.7,70.6,2,39,1.8,35.7,2.2,32.3,1.6,37.2,1.4,31.4,5,60,526,65,291,46.7,101,52.5,0.001,0.001,7,0.001,26,26.9,96,35.4,5.8,-2.6
Glenn Robinson III,IND,18,0.8,53.3,0.4,42.9,0.3,60,0.6,18.2,0.7,50,0.4,0.001,95,56.8,16,50,11,45.5,4,25,2,50,0.001,0.001,4,50,15,20,-5.2,-3.6
Goran Dragic,MIA,72,5,56.7,1.4,40.6,2.1,44.2,1.7,35,1.4,40.4,2.7,35.5,26,50,313,52.1,215,51.2,61,41,0.001,0.001,41,31.7,149,38.9,95,35.8,8.6,-6.5
Gorgui Dieng,MIN,75,1.5,59.1,0.4,37,0.6,51.1,1,40.3,1.3,42.6,0.1,33.3,91,58.2,87,62.1,78,56.4,95,51.6,0.001,0.001,1,0.001,12,25,41,29.3,-5.4,-3.6
Greg Monroe,BOS,45,5.4,63.6,1.5,31.3,0.2,40,0.3,46.7,0.1,33.3,0.001,0.001,113,50.4,167,61.7,36,52.8,10,80,1,0.001,0.001,0.001,0.001,0.001,0.001,0.001,3.7,2.8
Harrison Barnes,DAL,74,4.2,58.1,2.3,45.6,1.8,36.1,2.1,41.1,2.9,40.4,2.2,35.6,90,60,370,52.2,248,48.4,65,50.8,0.001,0.001,13,46.2,104,30.8,194,39.2,2.4,-1.6
Hassan Whiteside,MIA,49,5.9,66.6,2.2,40.7,1.4,34.3,0.9,43.5,0.1,28.6,0.001,100,37,67.6,245,62.4,96,53.1,42,57.1,0.001,0.001,0.001,0.001,0.001,0.001,2,100,-1.3,-1.4
Ian Clark,NOP,71,1.5,62.1,1,45.2,0.6,51.2,0.6,48.9,1.4,38,1.5,29,51,58.8,123,52.8,66,65.2,32,59.4,0.001,0.001,4,25,31,19.4,145,34.5,-4.7,9.4
Ian Mahinmi,WAS,73,2.5,60.6,0.6,52.4,0.1,40,0.001,0.001,0.001,0.001,0.001,0.001,1,0.001,122,66.4,23,73.9,13,53.8,0.001,0.001,0.001,0.001,1,0.001,1,0.001,-0.3,-9.6
Iman Shumpert,SAC,14,0.6,75,0.2,33.3,0.2,66.7,0.8,54.5,1.4,15.8,1,28.6,15,46.7,6,83.3,14,50,9,33.3,3,0.001,1,100,7,28.6,17,23.5,-2.6,-2.5
Isaiah Canaan,PHX,20,2.5,40,0.7,61.5,0.2,25,0.1,50,1.2,43.5,2.2,27.9,6,50,32,50,11,63.6,1,0.001,0.001,0.001,9,11.1,27,40.7,27,37,11.8,1.6
Isaiah Hicks,NYK,13,1.6,57.1,0.3,0.001,0.3,100,0.2,33.3,0.4,40,0.3,0.001,44,52.3,17,47.1,6,83.3,1,100,0.001,0.001,1,0.001,2,0.001,4,25,2.3,-6.8
Isaiah Taylor,ATL,62,2.8,55.8,0.6,39.5,0.6,21.2,0.1,16.7,0.8,38.8,0.5,12.5,21,23.8,142,52.1,37,56.8,18,33.3,2,50,3,33.3,9,11.1,53,28.3,6.1,-7.2
Isaiah Thomas,LAL,32,3.2,47.5,1,37.5,1.3,34.9,1.5,50,2.2,33.3,3.9,28.6,13,53.8,91,56,64,51.6,10,80,0.001,0.001,54,24.1,76,30.3,47,38.3,-3.5,0.1
Isaiah Whitehead,BKN,16,2.6,56.1,1.1,37.5,0.3,20,0.4,60,0.3,20,0.9,42.9,78,51.3,32,53.1,10,50,1,100,1,0.001,0.001,0.001,5,20,12,41.7,-1.7,-3
Ish Smith,DET,77,3.5,59,1.4,40,1.3,48.5,2.2,44.5,0.8,35.4,0.5,35.1,18,44.4,244,54.1,232,49.6,72,63.9,0.001,0.001,11,45.5,22,31.8,46,32.6,-10.5,-5.7
Ivan Rabb,MEM,31,1.9,61.1,0.4,50,0.4,54.5,0.8,59.1,0.2,50,0.001,0.001,38,50,41,73.2,28,53.6,11,72.7,1,0.001,0.001,0.001,0.001,0.001,0.001,0.001,-1.4,-0.4
J.J. Barea,DAL,67,2.3,61,1.2,43.4,1,42.9,0.7,39.6,1.6,38.5,3.1,35.5,34,55.9,168,56,94,50,44,52.3,1,0.001,20,35,146,33.6,141,39.7,5.1,6
JJ Redick,PHI,26,4.1,57.5,0.8,40,0.7,47.1,1.6,48.8,1.2,43.3,1.5,40,3,66.7,82,57.3,47,55.3,18,44.4,0.001,0.001,4,50,28,32.1,31,45.2,6.9,6.3
JR Smith,CLE,4,1.8,57.1,2,66.7,0.3,0.001,0.001,0.001,0.3,0.001,0.001,0.001,29,55.2,6,83.3,103,51.5,1,0.001,1,0.001,0.001,0.001,124,33.1,0.001,0.001,2.8,-5.1
JaKarr Sampson,SAC,75,2.5,62.2,0.2,17.6,0.2,38.9,0.5,27,2.6,33.9,2.2,30.9,19,63.2,116,56.9,20,45,33,51.5,0.001,0.001,30,16.7,1,0.001,145,36.6,-5.1,-39
JaMychal Green,MEM,27,2.6,63.8,1.3,52.9,0.8,40,0.1,0.001,0.1,0.001,0.001,0.001,14,57.1,68,63.2,6,66.7,6,100,0.001,0.001,0.001,0.001,1,0.001,2,0.001,1.6,4
Jabari Parker,MIL,19,1.8,57.1,0.5,50,0.1,0.001,0.2,33.3,0.4,42.9,0.2,66.7,95,69.5,20,65,39,82.1,5,20,0.001,0.001,2,50,0.001,0.001,6,66.7,-0.2,5.7
Jack Cooley,SAC,76,3.9,69.4,0.5,29.7,0.2,50,0.001,0.001,0.001,50,0.001,0.001,53,45.3,164,70.7,115,55.7,16,56.3,5,0.001,0.001,0.001,126,38.9,2,50,-13.5,-1.7
Jae Crowder,UTA,76,0.8,53.3,0.5,37.8,0.8,60,2.4,45.3,2.6,42.6,2.1,31.3,81,55.6,217,47.5,145,53.8,10,70,7,14.3,113,28.3,141,34,59,37.3,-4.5,2.1
Jahlil Okafor,BKN,76,3.5,57.8,1.1,42.5,1.3,47.9,1.4,41.5,2.6,38.4,3.1,39.1,7,85.7,241,53.9,53,39.6,54,61.1,0.001,0.001,31,29,57,35.1,225,43.6,11.9,2.7
Jakob Poeltl,TOR,50,0.8,64.3,0.2,11.1,0.3,33.3,0.4,28.6,1.5,37.7,1.5,34.7,3,66.7,38,55.3,5,20,14,42.9,0.001,0.001,9,44.4,7,14.3,60,30,8.6,3.2
Jamal Crawford,MIN,9,0.6,20,1,50,0.001,0.001,0.4,25,0.5,0.001,0.8,33.3,35,57.1,6,50,59,66.1,1,0.001,0.001,0.001,0.001,0.001,48,37.5,3,33.3,1.9,-0.4
Jamal Murray,DEN,67,2.3,63.5,0.2,28.6,0.3,47.6,0.2,43.8,1.2,33.3,1.1,36.5,103,58.3,88,61.4,134,61.9,17,70.6,13,15.4,7,14.3,364,38.2,84,34.5,9.9,-9.1
Jameer Nelson,DET,68,6.6,61.2,1.3,33,1.2,41.3,0.9,42.9,2.1,41.1,8,35.6,74,66.2,352,59.4,69,59.4,22,72.7,0.001,0.001,207,34.8,42,21.4,96,39.6,-0.3,-7.3
Jamel Artis,ORL,69,3.8,66.4,0.8,49.1,0.4,50,0.6,40.5,1.5,33.3,1.2,30.1,4,50,191,65.4,1,0.001,30,46.7,0.001,0.001,9,11.1,8,37.5,126,36.5,-0.8,2.7
James Ennis III,DET,9,0.3,33.3,0.001,0.001,0.001,0.001,0.001,0.001,1.8,21.4,0.4,25,61,54.1,3,33.3,2,50,0.001,0.001,0.001,0.001,1,100,4,25,8,0.001,0.001,-1.2
James Harden,HOU,6,0.3,50,0.2,100,0.2,0.001,0.001,0.001,0.7,25,1,33.3,2,100,2,50,4,50,0.001,0.001,1,0.001,2,50,19,47.4,4,25,2.5,-0.2
James Johnson,MIA,15,0.6,66.7,0.1,0.001,0.1,0.001,0.5,66.7,1.1,47.1,3.4,42.6,66,53,5,80,71,53.5,4,75,0.001,0.001,1,0.001,52,40.4,42,42.9,-21.1,-3.2
James Webb III,BKN,55,4.3,58.3,0.5,32,0.4,29.2,1,41.8,1.7,31.5,1,33.3,66,62.1,163,58.9,8,50,28,46.4,0.001,0.001,1,0.001,29,41.4,70,31.4,-5.7,5
James Young,PHI,45,0.5,57.1,0.001,0.001,0.001,0.001,0.1,0.001,0.7,43.3,1.2,32.7,27,51.9,15,46.7,103,50.5,5,20,1,0.001,10,30,26,34.6,35,37.1,-5.2,2.5
Jamil Wilson,LAC,72,3.1,54.5,0.4,18.5,0.5,41.7,0.9,36.5,1.4,37.6,0.5,36.8,1,100,135,53.3,57,71.9,47,48.9,3,66.7,3,33.3,0.001,0.001,66,33.3,15.7,0.3
Jared Dudley,PHX,67,4.3,65.6,0.7,37.5,0.2,38.5,0.1,22.2,0.2,35.7,0.001,0.001,23,34.8,172,66.9,110,50,21,66.7,0.001,0.001,0.001,0.001,25,20,14,28.6,-1.7,-2.4
Jarell Martin,MEM,58,1.3,55.4,1.1,50.8,1.1,37.1,1.4,38.1,1.4,39.2,0.9,34.6,104,46.2,150,44.7,10,60,29,55.2,0.001,0.001,17,17.6,36,30.6,36,41.7,-3.6,0.001
Jarrett Allen,BKN,46,0.3,53.8,0.001,0.001,0.2,71.4,0.2,62.5,1.4,37.1,1,29.5,3,33.3,12,33.3,44,40.9,9,77.8,0.001,0.001,15,26.7,14,21.4,46,39.1,7.3,1.9
Jarrett Jack,NYK,48,1.8,42,0.7,25,0.4,61.9,0.8,27.8,0.9,25.6,0.6,33.3,90,62.2,86,46.5,69,62.3,20,40,0.001,0.001,0.001,0.001,111,32.4,40,30,5.6,-4.1
Jason Terry,MIL,65,4.9,55.7,0.8,38,0.5,40,0.7,48.8,2.5,36.6,2,38,90,55.6,187,59.4,3,33.3,25,64,0.001,0.001,18,33.3,2,0.001,132,42.4,3.8,0.2
Jawun Evans,LAC,6,2.5,46.7,0.3,50,0.3,100,0.3,0.001,1.3,25,0.2,100,82,43.9,9,77.8,125,55.2,2,50,0.001,0.001,0.001,0.001,69,39.1,7,28.6,-6.9,-5.5
Jaylen Brown,BOS,76,4,56.5,0.5,24.3,0.8,37.3,1.6,45.8,2,50.3,1.6,38.2,81,67.9,217,49.8,70,51.4,50,66,0.001,0.001,23,34.8,44,22.7,127,48,2.3,2.5
Jaylen Morris,ATL,73,3.7,64.6,0.7,36,0.7,27.1,0.5,35.1,1.3,28.6,0.9,34.8,87,50.6,195,62.1,102,51,30,56.7,6,16.7,7,14.3,58,31,102,32.4,-2.1,0.1
Jayson Tatum,BOS,66,3.1,59.6,2.2,37.7,1.6,41.1,0.8,39.6,1.4,41.3,1.9,34.4,23,39.1,270,51.9,39,66.7,28,60.7,1,100,5,20,15,46.7,142,41.5,0.8,-1.2
Jeff Green,CLE,77,3.6,64.9,0.4,32.1,0.1,50,0.2,35.7,0.9,30.1,0.4,32.4,6,100,140,70.7,104,45.2,21,71.4,2,50,1,0.001,92,41.3,90,25.6,6.4,1.2
Jeff Teague,MIN,76,2.8,58.4,1.3,45.4,1.3,51,1.6,38.4,1.3,39.2,2.1,35.4,93,60.2,298,54,101,51.5,25,68,6,33.3,41,24.4,71,33.8,103,37.9,-5.3,0.5
Jerami Grant,OKC,1,6,50,1,0.001,0.001,0.001,3,33.3,0.001,0.001,2,50,16,56.3,7,28.6,25,64,2,100,0.001,0.001,1,100,51,33.3,1,0.001,-0.4,0.001
Jeremy Lamb,CHA,69,1.6,57.8,0.5,20,0.7,42.2,1,39.7,1,40.3,1.7,35.9,36,38.9,124,49.2,186,53.2,24,37.5,2,0.001,28,17.9,79,36.7,67,38.8,47.9,-11.6
Jeremy Lin,BKN,39,1.5,65,0.4,26.7,0.3,30.8,0.4,29.4,1.8,38,2.2,34.9,49,73.5,60,46.7,123,50.4,9,55.6,4,25,15,33.3,145,33.1,74,40.5,-2.4,2.3
Jerian Grant,CHI,56,4.5,61.3,2,52.7,2.8,45.5,2.4,39.8,2.3,36.2,1.7,34.7,33,60.6,320,50.9,28,53.6,48,62.5,2,0.001,39,20.5,68,32.4,69,43.5,-0.8,0.6
Jerryd Bayless,PHI,65,1.1,58.3,0.3,35.3,0.6,47.4,2,48.9,3.5,47.1,4.8,39.4,29,48.3,147,55.8,39,64.1,60,50,1,100,94,42.6,140,45,166,46.4,-0.2,-1.1
Jimmy Butler,MIN,73,0.8,68.3,0.4,44.8,0.5,28.6,0.5,35.9,0.9,24.6,1.9,37,13,53.8,86,52.3,54,53.7,8,87.5,0.001,0.001,24,29.2,141,39.7,96,35.4,-0.3,-0.4
Jodie Meeks,WAS,75,2.5,63,0.4,56.7,0.2,42.9,0.2,28.6,2,37.7,2.6,44.3,147,57.1,107,69.2,73,50.7,17,70.6,1,0.001,52,26.9,34,20.6,134,45.5,2.8,3.6
Joe Harris,BKN,77,1.9,60.1,0.5,37.1,0.3,31.8,0.3,30,3,43.5,2.9,45.7,44,52.3,109,53.2,36,52.8,19,63.2,1,0.001,16,25,21,38.1,282,47.5,-0.3,-3
Joe Ingles,UTA,50,0.5,62.5,1.4,50.7,1,42.3,0.8,51.2,1.7,31.4,1.2,27.1,114,58.8,86,48.8,246,54.9,11,63.6,0.001,0.001,4,25,35,25.7,93,30.1,-3.1,1.9
Joe Johnson,HOU,50,0.8,54.8,0.2,45.5,0.4,50,0.6,35.5,0.6,46.2,0.8,35.9,67,52.2,36,44.4,21,61.9,16,62.5,0.001,0.001,3,33.3,0.001,0.001,35,37.1,-0.8,-3.5
Joe Young,IND,63,6,65.2,1.9,42.6,3.1,43.4,2,40.8,1,43.9,2.7,27.6,54,61.1,304,61.8,70,71.4,60,51.7,2,0.001,8,25,7,28.6,164,32.9,9.6,-14.8
Joel Embiid,PHI,52,2.3,60.2,1,40,0.2,25,0.1,80,0.1,0.001,0.001,0.001,16,25,88,61.4,70,70,9,77.8,0.001,0.001,0.001,0.001,1,100,4,0.001,-9,-7.5
Joffrey Lauvergne,SAS,69,5.1,67.4,0.5,35.3,0.6,43.9,0.5,35.3,0.4,35.7,0.001,33.3,6,66.7,195,71.8,150,36,27,51.9,0.001,0.001,2,0.001,78,38.5,25,36,5.6,11.9
John Collins,ATL,71,4.5,64.6,1.2,44.7,0.1,37.5,0.5,34.3,0.2,36.4,0.001,33.3,33,51.5,246,65,33,39.4,45,44.4,0.001,0.001,1,0.001,15,40,4,0.001,-4.2,0.5
John Henson,MIL,38,5.9,58.7,0.8,33.3,1.1,31,3.7,29.8,1.4,30.9,3.3,35.4,113,62.8,180,52.8,8,37.5,39,53.8,0.001,0.001,3,66.7,0.001,0.001,70,32.9,-2,2.9
John Wall,WAS,36,1.2,58.1,0.6,23.8,1.1,37.8,0.7,33.3,0.4,23.1,0.9,41.9,15,73.3,60,51.7,37,51.4,12,50,0.001,0.001,3,33.3,17,29.4,25,28,-4.1,-6
Johnny O'Bryant III,CHA,8,2,62.5,0.6,20,0.8,66.7,0.8,0.001,0.3,0.001,0.1,0.001,140,62.9,12,58.3,75,60,4,25,3,0.001,0.001,0.001,4,0.001,3,0.001,9.2,16.3
Jon Leuer,DET,69,1.5,62.3,0.5,27,0.2,45.5,0.1,20,1.4,44.3,0.9,33.3,22,54.5,74,55.4,26,23.1,16,56.3,0.001,0.001,3,33.3,12,41.7,124,42.7,11.4,7.6
Jonas Jerebko,UTA,72,5.1,66,1.8,44.4,0.7,38.5,0.2,70.6,0.3,29.2,0.7,47.9,76,53.9,301,64.8,95,58.9,30,63.3,6,50,0.001,0.001,86,40.7,64,45.3,1.8,4.6
Jonas Valanciunas,TOR,27,1.5,72.5,0.2,40,0.9,16.7,0.9,16.7,1.2,25,0.7,40,16,62.5,40,37.5,26,76.9,13,53.8,0.001,0.001,2,50,1,0.001,30,33.3,-3.4,5.5
Jonathan Isaac,ORL,69,3.9,63.9,1.6,36.7,1,36.2,1.4,41.1,1.3,39.6,1.8,33.9,9,55.6,247,51,160,55.6,22,54.5,0.001,0.001,9,33.3,130,31.5,100,31,0.1,-0.4
Jonathon Simmons,ORL,52,2.5,68.2,0.3,46.7,0.3,64.7,0.1,33.3,0.001,0.001,0.1,0.001,8,37.5,90,68.9,6,33.3,18,88.9,0.001,0.001,0.001,0.001,2,100,2,0.001,2.5,2
Jordan Bell,GSW,76,3.6,59.9,0.9,41.7,1.3,45.4,1.6,42.6,1.8,40.6,2.7,32.9,12,66.7,277,55.6,6,83.3,43,51.2,0.001,0.001,46,26.1,2,0.001,124,41.9,-0.4,3.4
Jordan Clarkson,CLE,2,1,50,0.5,100,2,25,0.5,0.001,1,50,1.5,66.7,13,46.2,1,0.001,25,68,1,100,0.001,0.001,0.001,0.001,34,38.2,3,66.7,3.6,0.1
Jordan Crawford,NOP,22,2.2,61.2,0.4,44.4,0.1,0.001,0.1,66.7,0.4,12.5,0.3,0.001,136,52.2,32,59.4,3,0.001,4,50,0.001,0.001,0.001,0.001,9,11.1,12,8.3,23.9,39.8
Jordan Mickey,MIA,54,0.6,69.7,0.1,50,0.2,40,0.5,40,0.7,52.8,1.1,43.3,4,75,23,52.2,33,51.5,16,62.5,0.001,0.001,11,54.5,67,41.8,43,51.2,-6.3,26
Jose Calderon,CLE,5,3.2,37.5,0.6,0.001,0.6,33.3,0.8,25,1.6,12.5,1.2,33.3,70,40,10,50,9,77.8,1,0.001,2,0.001,0.001,0.001,40,20,4,50,2.3,2.3
Josh Gray,PHX,57,1.9,62.2,0.1,28.6,0.1,14.3,0.2,23.1,1.2,45.6,1.6,34,21,28.6,73,67.1,126,50,6,33.3,3,0.001,5,0.001,81,24.7,89,38.2,3.5,33.3
Josh Hart,LAL,66,0.8,43.6,0.001,100,0.001,0.001,0.001,0.001,1,30.9,0.8,26,164,64,31,41.9,4,25,5,20,0.001,0.001,7,28.6,2,0.001,63,34.9,1.5,-1.2
Josh Huestis,OKC,75,4.8,56.4,1.6,38.5,1.2,29.9,1.1,39.2,1.5,33.6,1.6,22.7,5,0.001,280,52.9,110,55.5,51,68.6,0.001,0.001,14,14.3,145,37.9,116,28.4,-5.9,-3.4
Josh Jackson,PHX,17,0.1,0.001,0.3,40,0.3,0.001,0.5,50,0.5,50,0.9,26.7,186,69.4,9,11.1,75,52,1,100,0.001,0.001,1,0.001,151,41.1,18,38.9,5.3,0.001
Josh Magette,ATL,76,2.9,59.5,0.8,42.6,1,48.1,1.5,38.4,2.2,35.7,2.5,42.9,13,61.5,248,52.8,203,58.1,44,77.3,0.001,0.001,22,40.9,125,32,152,38.8,14.5,4
Josh Richardson,MIA,75,0.7,50.9,0.5,42.9,0.4,35.5,0.6,47.7,2.8,45.9,2.5,30.4,38,39.5,79,44.3,2,100,16,56.3,2,0.001,77,31.2,11,9.1,133,37.6,-7.8,2.7
Jrue Holiday,NOP,76,5.8,62.8,2.1,47.9,1.4,41.7,1.3,54.5,2.1,34.2,2.6,33.8,34,44.1,385,57.9,74,59.5,35,57.1,0.001,0.001,12,16.7,10,20,201,35.3,9.3,-2.1
Juancho Hernangomez,DEN,24,1,63.6,0.2,33.3,0.001,0.001,0.001,0.001,1.2,37,1,18.2,31,58.1,9,100,13,61.5,2,50,1,0.001,2,100,35,40,33,33.3,0.001,-1.2
Julius Randle,LAL,76,7.7,66.8,1.8,36.7,0.4,40.7,0.4,21.9,0.3,27.3,0.4,24.2,216,53.7,390,67.2,94,47.9,43,53.5,0.001,0.001,3,33.3,175,32,30,23.3,-4.3,1.6
Justin Anderson,PHI,34,1.9,60.9,0.3,0.001,0.2,33.3,0.2,62.5,1.2,28.2,1.5,34,188,53.7,41,56.1,45,55.6,8,87.5,0.001,0.001,5,20,33,21.2,43,25.6,-1.2,-1.2
Justin Holiday,CHI,68,1.7,47.4,0.4,32.1,0.8,30.8,1.1,35.1,3.7,40.1,2.9,31.7,3,66.7,127,35.4,50,44,23,56.5,0.001,0.001,59,42.4,19,26.3,180,40,-8.2,2.4
Justin Jackson,SAC,64,1.3,76.7,0.8,43.8,0.6,42.1,0.6,28.6,1.7,37.6,1.1,27.9,53,66,108,63,122,50,23,56.5,0.001,0.001,5,0.001,1,0.001,127,34.6,-1.5,-1.6
Justise Winslow,MIA,63,3.2,54.5,1,26.2,0.5,24.1,0.3,27.8,1.5,39.6,0.5,33.3,82,51.2,171,52,154,55.8,25,28,1,0.001,1,0.001,77,36.4,93,41.9,1.9,-0.7
Jusuf Nurkic,POR,74,7.3,58.5,1.9,37.1,1,39.5,0.8,33.3,0.9,39.7,0.1,0.001,96,51,381,57.7,26,46.2,95,47.4,27,51.9,0.001,0.001,15,20,6,0.001,1,-7.9
Karl-Anthony Towns,MIN,78,5.9,67.4,2.4,46.3,1.1,43.7,1,44.7,1.6,55.3,2.3,36.7,27,55.6,394,69,57,64.9,32,68.8,1,0.001,9,22.2,37,32.4,190,45.8,-2.3,4.2
Kawhi Leonard,SAS,9,2.8,72,1.1,40,2.6,52.2,1.6,42.9,1.8,31.3,2.6,30.4,62,37.1,41,61,67,44.8,2,100,0.001,0.001,3,0.001,129,30.2,16,50,0.1,2.8
Kelly Olynyk,MIA,71,2.8,73.1,0.6,41.9,0.5,39.4,0.5,37.1,1.5,39.1,2.4,37.3,49,44.9,126,73,212,49.1,55,54.5,9,11.1,6,16.7,229,37.1,210,40.5,-0.4,-14.6
Kelly Oubre Jr.,WAS,76,3.1,61.2,0.8,26.3,0.5,30.8,0.7,25.5,1.8,31.2,2.8,35.2,76,63.2,167,56.3,24,62.5,25,72,5,40,19,36.8,0.001,0.001,187,38,2.4,-3.2
Kemba Walker,CHA,76,4.5,52.8,0.9,34.3,1.4,42.3,2.5,42.9,1.7,43.1,6.2,39.1,51,58.8,286,53.8,89,47.2,65,56.9,1,0.001,112,31.3,88,31.8,201,45.3,6.5,0.6
Kenneth Faried,DEN,32,3.3,57.5,0.8,25,0.3,45.5,0.2,60,0.001,100,0.001,0.001,45,48.9,69,50.7,82,48.8,15,73.3,0.001,0.001,0.001,0.001,122,36.1,0.001,0.001,-0.6,-0.5
Kent Bazemore,ATL,65,3.1,54.7,0.7,17.4,0.6,42.5,1.1,31.1,2.7,43.4,2.2,35.7,14,42.9,164,48.8,175,66.3,46,60.9,0.001,0.001,16,37.5,165,38.8,167,43.1,4.4,6.6
Kentavious Caldwell-Pope,LAL,68,2.4,64.2,0.4,26.9,0.5,35.3,1.4,37.2,2.4,32.9,3.8,40,90,46.7,157,48.4,95,47.4,49,63.3,4,50,48,25,95,33.7,199,43.7,1.8,5.8
Kevin Durant,GSW,63,3.9,71.2,1.2,53.4,2.8,50,3.5,50.5,1.9,43.8,4.5,42.8,58,56.9,411,55.2,21,85.7,46,67.4,6,16.7,127,37.8,1,0.001,79,59.5,7.8,0.2
Kevin Love,CLE,55,3.7,59.2,1,38.6,1.1,40.7,1,37.7,2.6,39.6,3,40.4,15,46.7,173,59.5,18,61.1,23,56.5,0.001,0.001,27,18.5,0.001,0.001,173,48,-5.5,-1.9
Kevon Looney,GSW,62,2,64.8,0.3,23.5,0.1,62.5,0.2,33.3,0.1,50,0.001,0.001,69,50.7,64,71.9,219,60.7,12,58.3,0.001,0.001,1,0.001,160,36.3,2,50,4.3,3.8
Khem Birch,ORL,36,1.6,62.5,0.5,35.3,0.5,21.4,0.1,33.3,0.001,0.001,0.001,0.001,64,42.2,40,60,154,45.5,10,30,1,0.001,0.001,0.001,197,41.6,0.001,0.001,-8.8,2.5
Khris Middleton,MIL,77,2.7,54.8,1.5,50,2.6,52,3.2,51.2,2.1,40,3.4,35.1,136,47.1,404,52,32,40.6,35,74.3,1,0.001,62,37.1,5,0.001,156,36.5,3.4,0.5
Klay Thompson,GSW,68,2.2,66.9,0.6,35.7,1.7,47.8,3.1,49.3,3.7,51.6,4.5,41.1,44,68.2,302,57.6,70,61.4,61,68.9,0.001,0.001,91,36.3,0.001,0.001,179,52,0.7,3.4
Kobi Simmons,MEM,27,2.1,66.7,0.7,26.3,0.7,40,0.6,20,0.7,11.8,0.4,36.4,16,31.3,50,58,158,44.3,13,46.2,0.001,0.001,0.001,0.001,28,32.1,19,26.3,-3,2.4
Kosta Koufos,SAC,71,2.6,66.3,2.1,48.7,0.7,47.1,0.001,100,0.001,0.001,0.001,0.001,13,53.8,204,61.3,101,43.6,18,88.9,9,55.6,0.001,0.001,104,37.5,0.001,0.001,14.1,1.7
Kris Dunn,CHI,52,3.9,51.7,1.6,40,1.9,40,2.1,41.7,1.4,41.9,1.8,32.6,89,49.4,214,50.9,70,64.3,62,59.7,1,100,2,50,10,30,101,32.7,-3.5,0.8
Kristaps Porzingis,NYK,48,3.6,53.8,2.3,42.1,4.1,45.1,3.2,40.7,1.5,41.1,3.8,39.7,42,59.5,351,50.4,3,100,29,51.7,10,50,15,6.7,0.001,0.001,108,46.3,2.9,0.9
Kyle Anderson,SAS,69,2.9,64.6,0.9,45.2,0.6,40.9,0.5,47.1,0.8,39.3,0.2,25,69,76.8,177,57.6,22,63.6,36,61.1,0.001,0.001,4,0.001,150,44.7,36,36.1,-6.1,0.8
Kyle Collinsworth,DAL,27,1.5,45,0.5,30.8,0.1,0.001,0.001,0.001,0.3,14.3,0.2,50,123,56.9,25,56,105,52.4,1,0.001,10,30,0.001,0.001,194,36.1,13,30.8,3.5,-4.2
Kyle Korver,CLE,69,0.4,71,0.1,40,0.2,50,0.4,42.9,2.3,44.4,3.1,43.8,153,56.2,51,51,67,49.3,12,66.7,1,0.001,78,37.2,224,38.8,118,50,1.3,-1.7
Kyle Kuzma,LAL,74,4.5,59,1.3,47.4,0.8,37.9,0.7,40.7,2.4,31.6,3.6,38.9,46,69.6,288,59,79,58.2,36,61.1,0.001,0.001,28,21.4,3,0.001,190,38.9,3.1,-1.5
Kyle Lowry,TOR,72,2.6,62.2,0.6,17.8,0.6,39,0.5,29.4,2.2,41.4,5.5,40.1,15,33.3,162,51.9,122,68,18,61.1,0.001,0.001,119,33.6,170,44.1,191,47.6,-1.3,-0.8
Kyle O'Quinn,NYK,72,2.7,67.4,0.4,66.7,0.5,52.9,0.7,50,0.4,32.1,0.1,0.001,7,42.9,109,71.6,251,51,32,50,1,0.001,1,0.001,15,40,7,14.3,-1.1,-3.1
Kyrie Irving,BOS,60,5.2,59.7,1.7,45.2,1.8,46.8,2.1,49.6,2.3,46,4.9,42.6,51,51,334,53.6,147,53.1,28,67.9,0.001,0.001,112,37.5,69,30.4,93,38.7,-3.1,-3.7
LaMarcus Aldridge,SAS,70,6.1,67.7,2.5,44.4,4,44.2,3.2,41.9,1.3,42.4,0.7,25.5,94,55.3,604,56.3,43,48.8,118,48.3,0.001,0.001,9,11.1,28,32.1,61,32.8,4.4,-1
Lance Stephenson,IND,77,2.8,59.8,0.5,31.4,0.4,53.1,1.6,42.6,1.3,35,1.8,29.1,148,74.3,179,49.7,34,50,47,57.4,0.001,0.001,8,12.5,89,34.8,132,30.3,-6.7,3.2
Lance Thomas,NYK,69,0.9,43.8,0.3,15,0.1,42.9,0.3,33.3,1.1,43.6,0.7,35.3,43,32.6,50,38,62,51.6,8,25,0.001,0.001,6,50,1,0.001,75,44,9.2,-0.6
Langston Galloway,DET,54,0.3,46.7,0.4,47.4,0.4,52.6,0.8,40.5,1.4,38.4,2.5,32.8,118,50,52,40.4,87,52.9,9,66.7,9,33.3,31,29,163,28.2,72,38.9,-5.1,-5
Larry Nance Jr.,CLE,61,4.1,71.8,0.5,33.3,0.4,37,0.8,41.7,0.4,30.4,0.001,33.3,45,60,172,72.1,307,54.7,78,59,0.001,0.001,0.001,0.001,193,33.2,11,18.2,2.3,3.6
Lauri Markkanen,CHI,64,3.8,62.5,0.8,34,1,33.9,1,36.1,2.2,35.5,4,34.9,3,33.3,193,58,57,59.6,15,46.7,0.001,0.001,34,26.5,128,30.5,177,43.5,1.5,-2.4
LeBron James,CLE,77,9.1,73.8,1.3,31.1,1.4,42.7,1.7,40.6,2.1,30.2,3.5,38,23,69.6,526,66.7,195,54.4,70,60,2,50,53,30.2,238,37,130,43.8,1.1,6.4
Lonzo Ball,LAL,52,3.4,46,0.6,30,0.5,40,0.5,36,1.5,35.5,4.3,29.6,5,60,104,43.3,25,72,21,66.7,0.001,0.001,22,27.3,53,26.4,135,32.6,-1.5,0.5
Lou Williams,LAC,76,4.5,56.6,1.7,38.8,1.6,50.8,1.9,41.4,2.8,36.6,4.2,36.9,1,100,354,55.6,15,66.7,53,45.3,0.001,0.001,112,33,37,32.4,153,36.6,-3.7,-2.7
Luc Mbah a Moute,HOU,57,2.6,64.2,0.1,60,0.001,0.001,0.1,0.001,1.9,34,1.1,36.7,6,16.7,60,80,70,41.4,6,83.3,0.001,0.001,10,10,60,35,99,43.4,4,-1.1
Luke Babbitt,MIA,48,0.3,58.3,0.2,55.6,0.3,33.3,0.4,60,1.5,46.5,1.7,35.9,53,60.4,22,54.5,6,50,11,63.6,2,0.001,0.001,0.001,16,25,98,44.9,-0.6,-4
Luke Kennard,DET,68,1,53.7,0.6,28.2,0.6,39.5,1,51.4,1,41.2,1.9,41.1,10,20,98,41.8,9,55.6,30,76.7,0.001,0.001,7,14.3,7,28.6,103,45.6,5.9,0.8
Luke Kornet,NYK,15,1.1,62.5,0.4,0.001,0.1,50,0.1,50,0.8,25,3.2,27.1,13,46.2,11,36.4,58,56.9,3,66.7,3,33.3,0.001,0.001,18,27.8,43,30.2,5.3,-3.4
Luol Deng,LAL,1,2,50,0.001,0.001,0.001,0.001,0.001,0.001,0.001,0.001,0.001,0.001,48,54.2,1,0.001,48,39.6,9,33.3,4,0.001,0.001,0.001,56,35.7,29,31,1.1,25.6
Malachi Richardson,TOR,26,0.9,29.2,0.2,50,0.2,25,0.5,50,1,19.2,0.8,45,84,53.6,18,50,51,35.3,23,69.6,2,0.001,4,25,81,35.8,128,39.8,-19,38.4
Malcolm Brogdon,MIL,46,4.6,60.5,0.8,41.7,1,43.2,0.8,35.1,1.3,47.5,2.2,35.3,74,48.6,153,61.4,49,46.9,16,62.5,0.001,0.001,4,25,49,30.6,52,44.2,4.9,9
Malcolm Delaney,ATL,54,1.2,46,0.2,0.001,0.3,41.2,0.9,31.9,1.5,47.5,1.2,31.7,36,44.4,66,47,204,43.6,15,60,7,0.001,15,20,40,22.5,79,38,2.3,2.6
Malik Monk,CHA,59,0.8,51.1,0.3,22.2,0.5,33.3,0.7,23.7,1.7,38.5,2.3,31.3,33,69.7,64,31.3,96,53.1,16,68.8,2,0.001,33,12.1,0.001,0.001,112,35.7,-0.6,0.3
Manu Ginobili,SAS,61,2.4,61.1,0.8,39.1,0.6,35.9,0.3,31.6,1.3,38.3,1.6,30.9,44,38.6,121,57,107,57.9,93,58.1,3,0.001,10,30,135,43,264,36,16.5,-5
MarShon Brooks,MEM,71,2.9,57.4,2.3,37.3,2.4,35.7,1.5,52.4,1.6,37.8,3.6,35.2,44,38.6,275,48,104,54.8,23,78.3,2,0.001,4,25,71,45.1,0.001,0.001,-2.4,-7.2
Marc Gasol,MEM,77,3.5,61.1,1.7,42.5,1.4,42.9,0.2,44.4,0.001,0.001,0.001,0.001,42,59.5,287,59.2,58,56.9,20,65,0.001,0.001,0.001,0.001,84,32.1,110,36.4,-3.8,-1.9
Marcin Gortat,WAS,74,1.5,63,0.2,29.4,0.4,51.7,1.3,38.3,2.8,43.1,3,38.8,8,50,146,48.6,60,58.3,13,69.2,0.001,0.001,85,34.1,52,26.9,124,36.3,-1.8,1
Marco Belinelli,PHI,50,2,54.9,0.9,39.5,1.6,43.8,1.8,46.1,1.9,43.3,2.8,37.1,70,54.3,158,39.2,59,52.5,19,52.6,1,0.001,10,30,93,34.4,113,28.3,6.4,0.8
Marcus Morris,BOS,54,2.2,51.3,1,32.7,0.8,31,0.6,44.1,1.5,35.8,3.3,29.5,42,54.8,119,44.5,11,54.5,12,66.7,1,0.001,35,31.4,0.001,0.001,106,31.1,0.7,-1.6
Marcus Smart,BOS,62,2,50.8,0.6,30.8,0.7,40.5,0.3,33.3,1.3,39.7,1.7,26.7,1,100,97,50.5,86,58.1,24,79.2,0.001,0.001,15,20,61,34.4,122,28.7,0.4,-5.7
Mario Chalmers,MEM,69,2.5,63.5,0.6,40.5,0.4,43.3,0.6,34.1,1.4,31.5,2.4,37.5,27,44.4,155,59.4,57,57.9,2,50,0.001,0.001,22,45.5,19,26.3,0.001,0.001,4.5,-5.8
Mario Hezonja,ORL,8,3.4,48.1,1.4,9.1,1.8,35.7,0.5,50,0.3,0.001,0.001,0.001,2,50,21,38.1,3,0.001,41,56.1,0.001,0.001,0.001,0.001,1,0.001,113,39.8,1.1,1
Markelle Fultz,PHI,68,2.3,66.2,1,50.7,1.8,49.2,1.3,43.3,1.3,37.5,1.6,37.4,41,53.7,218,58.3,11,36.4,27,59.3,0.001,0.001,11,27.3,90,34.4,161,30.4,3.4,-7.5
Markieff Morris,WAS,70,2.6,61,0.5,23.7,0.3,41.7,0.2,31.3,1.4,27,1.4,32.3,86,55.8,107,61.7,1,0.001,5,40,0.001,0.001,2,50,3,66.7,120,41.7,0.3,-3.4
Marquese Chriss,PHX,2,1,100,0.5,100,0.5,0.001,1.5,0.001,1,0.001,0.5,0.001,4,0.001,4,50,42,61.9,1,100,0.001,0.001,0.001,0.001,94,30.9,0.001,0.001,-1.9,4.4
Marquis Teague,MEM,50,0.8,47.5,0.5,47.8,0.4,61.1,0.4,31.8,0.7,43.8,4.1,35.4,38,52.6,56,53.6,42,66.7,7,71.4,0.001,0.001,17,17.6,0.001,0.001,173,44.5,30.9,-8
Marreese Speights,ORL,2,3.5,42.9,1.5,100,1,50,1.5,33.3,2.5,40,2.5,100,28,57.1,14,50,17,52.9,23,69.6,0.001,0.001,4,100,25,48,1,0.001,-1.8,-2.9
Marvin Williams,CHA,74,1.9,55.4,0.8,49.1,0.4,41.4,0.1,28.6,1.7,36.6,2.3,41.8,150,52.7,127,55.1,20,50,11,36.4,0.001,0.001,11,36.4,41,43.9,47,31.9,-54.2,14.6
Mason Plumlee,DEN,69,4,66.3,0.7,34,0.1,30,0.2,41.7,0.001,0.001,0.001,0.001,38,47.4,167,68.3,34,58.8,7,57.1,0.001,0.001,0.001,0.001,17,29.4,72,40.3,3.3,-5.5
Matthew Dellavedova,MIL,37,0.5,42.1,0.7,28,0.4,43.8,0.1,50,0.7,36,1.6,37.3,67,62.7,32,37.5,98,52,19,63.2,0.001,0.001,3,33.3,35,28.6,93,29,-5,4.8
Maurice Harkless,POR,59,2.5,58,0.3,40,0.001,50,0.1,25,1.4,37.6,0.6,51.4,7,28.6,97,66,32,28.1,23,65.2,3,0.001,4,25,11,9.1,33,54.5,8.6,-7.5
Maxi Kleber,DAL,67,1.8,66.4,0.2,58.3,0.2,46.7,0.3,25,1,35.4,0.8,21.2,21,47.6,72,70.8,119,52.9,15,46.7,2,0.001,2,0.001,0.001,0.001,47,27.7,-2.9,-4
Michael Beasley,NYK,70,4.5,64.8,2.1,43.4,1.6,43.8,1.3,30.7,0.9,42.9,0.6,47.6,28,46.4,360,56.7,21,57.1,43,39.5,1,0.001,6,33.3,36,33.3,2,0.001,3.6,1.9
Michael Carter-Williams,CHA,52,1.7,47.2,0.6,28.1,0.3,26.7,0.6,23.3,0.7,20.6,0.5,25,34,61.8,75,37.3,52,40.4,9,33.3,0.001,0.001,1,0.001,50,32,31,35.5,0.001,5.9
Michael Kidd-Gilchrist,CHA,70,3.6,63.5,1,35.3,0.9,42.6,1.9,40.5,0.4,34.5,0.001,0.001,32,46.9,245,58.4,22,54.5,11,81.8,0.001,0.001,0.001,0.001,22,27.3,28,25,0.5,3.6
Mike Conley,MEM,12,4.3,52.9,1.2,42.9,1,25,1.1,30.8,1.8,13.6,4.7,37.5,11,45.5,46,50,87,64.4,18,77.8,0.001,0.001,7,14.3,36,36.1,113,43.4,-1.2,5.6
Mike James,NOP,36,2.9,52.4,1,45.9,0.8,40,1.1,27,1.3,37.8,1.7,21,2,0.001,119,47.9,30,76.7,48,66.7,0.001,0.001,16,18.8,0.001,0.001,106,45.3,-4.5,-4.8
Mike Muscala,ATL,48,1.6,67.5,0.4,27.8,0.5,44,0.2,45.5,1.3,54.7,1.6,27.8,1,0.001,59,61,48,56.3,6,83.3,0.001,0.001,2,0.001,94,41.5,0.001,0.001,-2.1,-7.8
Mike Scott,WAS,71,1.5,66.4,0.9,46.3,1,60.3,1.1,57,0.9,41.3,1.3,43.2,105,75.2,142,57.7,2,0.001,18,22.2,0.001,0.001,8,12.5,7,14.3,89,38.2,-1.3,4.5
Miles Plumlee,ATL,50,2.5,66.1,0.6,35.7,0.2,40,0.1,25,0.001,100,0.001,0.001,10,40,88,63.6,4,50,0.001,0.001,0.001,0.001,0.001,0.001,20,40,6,16.7,2,-4.7
Milos Teodosic,LAC,45,0.6,64.3,0.2,25,0.4,57.9,1.2,43.4,1.8,43.8,3.8,36.5,46,67.4,47,59.6,57,56.1,0.001,0.001,0.001,0.001,51,33.3,2,50,17,64.7,-6.3,7.5
Milton Doyle,BKN,6,0.8,40,1,50,0.001,0.001,0.2,0.001,0.8,20,1.4,14.3,39,48.7,6,83.3,5,40,24,79.2,0.001,0.001,0.001,0.001,14,42.9,3,0.001,5.2,1.9
Mirza Teletovic,MIL,10,0.4,25,0.2,50,0.3,33.3,0.2,50,0.8,37.5,3.8,47.4,44,65.9,6,33.3,108,61.1,3,33.3,0.001,0.001,3,33.3,17,17.6,20,30,-0.5,-20.6
Montrezl Harrell,LAC,71,5.2,71.3,1.2,42.9,0.3,47.6,0.1,33.3,0.001,0.001,0.001,33.3,17,41.2,261,70.1,23,52.2,123,50.4,0.001,0.001,0.001,0.001,40,30,126,41.3,-1.3,-1.7
Myke Henry,MEM,15,1.7,60,0.1,0.001,0.2,0.001,0.3,0.001,1.3,42.1,1.6,29.2,12,75,13,61.5,24,70.8,7,71.4,4,50,9,33.3,0.001,0.001,123,49.6,-1.3,-3.8
Myles Turner,IND,60,3.1,60.7,0.7,46.2,0.7,35.9,2.3,50.4,1.4,44.6,2,39.7,27,63,146,53.4,23,69.6,33,45.5,15,20,1,0.001,0.001,0.001,1,0.001,2.8,-5.1
Nemanja Bjelica,MIN,63,1.8,61.2,0.7,39.5,0.1,37.5,0.1,0.001,1.1,40.6,1.6,46.5,4,50,85,64.7,48,39.6,9,44.4,0.001,0.001,6,0.001,135,39.3,0.001,0.001,-1.7,-0.3
Nene,HOU,49,3.4,63.3,0.4,54.5,0.3,40,0.4,47.6,0.1,0.001,0.001,0.001,144,46.5,106,67.9,96,49,13,38.5,2,0.001,1,0.001,86,27.9,79,41.8,0.4,-3.1
Nerlens Noel,DAL,30,2.6,55.4,0.4,81.8,0.5,35.7,0.2,0.001,0.001,0.001,0.001,0.001,37,59.5,46,60.9,11,36.4,36,58.3,1,0.001,1,0.001,37,32.4,80,36.3,-0.9,-6.6
Nick Young,GSW,75,0.5,70.3,0.1,25,0.5,52.5,0.7,42.3,1.9,36.6,2.4,38.2,86,60.5,73,57.5,124,58.1,2,0.001,0.001,0.001,90,32.2,122,39.3,41,51.2,-2.8,6.3
Nicolas Batum,CHA,60,1.3,66.7,0.5,46.9,1.8,47.2,1.9,39.8,1.7,31.7,3.1,33.9,40,50,183,44.3,79,54.4,45,44.4,0.001,0.001,73,41.1,155,35.5,100,38,4.3,4.9
Nik Stauskas,BKN,36,0.6,47.6,0.1,0.001,0.001,0.001,0.2,28.6,0.9,29,1.5,48.1,30,33.3,21,33.3,137,49.6,18,50,1,0.001,5,20,36,19.4,103,42.7,-0.2,8.2
Nikola Jokic,DEN,70,4.7,62,2.1,48.3,1.3,46.1,1,47.1,1.8,40.3,2.2,38.3,22,72.7,297,64.6,25,56,94,59.6,1,0.001,28,46.4,21,33.3,161,35.4,2,-6.1
Nikola Mirotic,NOP,50,2.6,61.5,0.8,52.5,0.9,31.1,0.8,36.6,2.5,42.5,4.3,34.1,43,55.8,120,53.3,33,45.5,23,39.1,0.001,0.001,45,31.1,75,30.7,35,31.4,6.4,1.7
Nikola Vucevic,ORL,53,3.9,71.5,2.7,44.4,2,38.5,1.8,47.9,1.5,38,3.3,30.6,64,48.4,255,54.5,19,73.7,10,70,0.001,0.001,1,0.001,37,43.2,76,28.9,0.001,-1.2
Noah Vonleh,CHI,53,1.9,56.9,0.4,40.9,0.2,40,0.4,52.6,0.7,26.5,0.9,31.1,53,58.5,62,66.1,0.001,0.001,12,41.7,0.001,0.001,7,28.6,2,0.001,139,34.5,3.8,0.6
Norman Powell,TOR,64,2,53.2,0.4,52.2,0.2,40,0.2,23.1,1.4,31.9,1.3,30.5,21,61.9,87,67.8,28,82.1,1,100,2,50,12,33.3,3,33.3,9,44.4,3.3,-2.9
OG Anunoby,TOR,68,1.8,64.8,0.001,0.001,0.001,33.3,0.1,0.001,1.6,44.5,1,21.7,9,55.6,67,70.1,175,56.6,17,76.5,0.001,0.001,0.001,0.001,125,44.8,19,47.4,-0.8,2.7
Okaro White,CLE,6,0.8,50,0.001,0.001,0.2,100,0.001,0.001,1,20,1.2,50,26,57.7,3,66.7,58,72.4,56,55.4,0.001,0.001,0.001,0.001,11,18.2,154,43.5,0.8,0.4
Omri Casspi,GSW,53,2.3,68,0.9,42.2,0.3,47.1,0.001,0.001,0.1,57.1,0.3,42.9,17,35.3,85,58.8,41,46.3,26,80.8,0.001,0.001,0.001,0.001,94,40.4,112,22.3,3.6,-12.6
Otto Porter Jr.,WAS,73,2.4,67.2,1.1,45.1,1.3,40.8,1.8,53.7,2.1,47.1,2.8,42.1,13,76.9,233,55.8,14,35.7,10,60,8,50,20,45,28,42.9,87,28.7,-3.1,-9.2
PJ Tucker,HOU,75,3.3,70.6,0.9,37.5,0.2,50,0.001,33.3,1.1,23.5,0.5,17.1,83,54.2,171,67.3,30,50,4,75,0.001,0.001,3,0.001,29,20.7,31,38.7,4.2,2.2
Pascal Siakam,TOR,77,1.3,56.9,0.4,40.7,0.2,46.2,0.3,28,1.1,35.2,1.5,36.4,89,52.8,82,57.3,14,35.7,8,62.5,8,25,17,41.2,47,42.6,45,26.7,-2.2,1.9
Pat Connaughton,POR,11,3.4,51.4,0.7,37.5,0.7,25,0.3,0.001,2.4,23.1,3.4,48.6,38,65.8,28,39.3,76,43.4,13,30.8,2,0.001,1,0.001,132,34.8,105,34.3,-6.1,2
Patrick Beverley,LAC,57,1.7,61.3,0.3,28.6,0.2,25,0.3,33.3,0.6,37.1,0.9,17.3,12,41.7,62,61.3,88,45.5,52,63.5,2,0.001,6,16.7,23,26.1,188,40.4,8.5,5.1
Patrick McCaw,GSW,78,0.6,52.2,0.3,33.3,0.2,25,0.1,25,1.5,38.4,0.7,40.7,23,47.8,41,53.7,197,41.1,78,42.3,0.001,0.001,4,50,237,38,87,40.2,1.6,-1.2
Patrick Patterson,OKC,77,1.1,55.4,0.2,31.6,0.1,40,1,42.1,2.4,45.7,3.2,34.1,9,44.4,92,42.4,64,48.4,62,46.8,0.001,0.001,51,33.3,33,27.3,231,47.2,0.001,4
Patty Mills,SAS,72,3.1,63.8,1.3,32.2,0.9,30.6,1.1,44.9,1.2,34.1,0.8,35.6,11,54.5,201,57.7,32,43.8,20,75,0.001,0.001,2,0.001,33,24.2,54,44.4,3.4,-0.8
Pau Gasol,SAS,75,3.9,61.6,1,37,1.5,36,2.3,34.3,3.8,39.2,4.3,39.2,50,56,286,55.9,19,47.4,7,28.6,0.001,0.001,78,25.6,63,39.7,69,39.1,-5,3.8
Paul George,OKC,33,3.7,62,2.4,48.7,1.7,45.5,0.6,33.3,1.3,34.1,1.7,39.3,21,52.4,128,53.9,16,37.5,19,36.8,0.001,0.001,5,20,74,29.7,210,37.1,4.1,1.6
Paul Millsap,DEN,54,0.8,55.6,0.3,16.7,0.3,28.6,0.6,25.8,1.1,36.7,1.2,28.8,12,50,60,38.3,27,66.7,8,50,0.001,0.001,5,40,30,53.3,164,38.4,-6.6,0.5
Paul Zipser,CHI,77,1,53.8,0.3,25,0.1,20,0.1,40,3,40.1,0.9,24.3,28,53.6,49,55.1,65,53.8,16,56.3,1,0.001,8,37.5,28,32.1,39,35.9,3.2,8.3
Quincy Acy,BKN,65,0.6,43.9,0.1,0.001,0.1,20,0.2,45.5,2.1,31.3,2.1,35.6,39,48.7,25,44,18,38.9,39,53.8,0.001,0.001,12,8.3,5,40,113,33.6,6,0.3
Quinn Cook,GSW,28,1.6,50,0.6,50,0.8,57.1,1.1,51.7,1.5,45,2,44.2,67,55.2,49,57.1,25,64,4,50,2,0.001,10,40,7,28.6,20,30,0.001,2.1
Rajon Rondo,NOP,60,3.6,56.7,0.6,52.8,0.3,53.3,0.6,30.6,1.6,32.6,0.9,35.2,32,62.5,135,59.3,99,43.4,7,42.9,0.001,0.001,0.001,0.001,68,35.3,36,47.2,3.5,2
Ramon Sessions,WAS,26,1.8,47.9,1,20,0.5,23.1,0.1,66.7,0.5,25,0.6,33.3,52,55.8,37,32.4,43,60.5,38,52.6,0.001,0.001,1,0.001,98,45.9,120,36.7,8.5,-0.3
Raul Neto,UTA,39,1.6,57.4,0.4,37.5,0.4,28.6,0.2,33.3,0.8,48.5,0.3,30.8,42,52.4,43,53.5,90,45.6,30,83.3,7,0.001,2,0.001,69,21.7,149,45.6,16.4,-16.5
Raymond Felton,OKC,78,1.3,54.5,0.6,43.8,0.5,43.2,1.1,37.9,1.4,43.4,1.7,33.3,128,57.8,117,50.4,30,66.7,19,42.1,0.001,0.001,22,22.7,1,0.001,67,46.3,-3,-6.4
Reggie Bullock,DET,61,2.2,65.4,0.6,26.5,0.7,43.9,0.7,47.7,2,42.9,2.7,46,69,44.9,121,55.4,167,46.7,15,40,4,75,24,33.3,63,31.7,27,14.8,2.4,-6.1
Reggie Jackson,DET,40,3.2,50,2.3,51.1,1.7,53.7,1.5,36.1,1.4,37,2.7,31.5,4,75,161,55.3,60,45,102,47.1,0.001,0.001,12,16.7,217,38.2,185,35.7,3.6,-2.4
Richaun Holmes,PHI,42,2.8,70.7,0.6,44,0.4,33.3,0.2,20,0.4,20,0.5,15,7,28.6,74,70.3,79,49.4,29,79.3,0.001,0.001,2,0.001,2,0.001,152,38.8,1.8,2.5
Ricky Rubio,UTA,72,2.3,48.1,0.6,29.5,1.4,45.9,2.4,43.4,2.5,36,1.7,37,71,57.7,161,46.6,86,53.5,122,41.8,0.001,0.001,6,33.3,137,32.1,12,33.3,-5.2,-0.3
Robert Covington,PHI,74,2.3,60.1,0.4,48.1,0.3,4.8,0.5,44.4,1.6,33.3,5.5,37.6,17,58.8,98,56.1,5,80,18,50,0.001,0.001,116,39.7,8,50,129,42.6,3.7,7.9
Robin Lopez,CHI,64,4.5,65.7,2.6,50.3,0.7,36.4,1.3,43.8,0.8,25.9,0.2,27.3,58,62.1,277,62.8,5,80,4,50,1,0.001,0.001,0.001,10,30,19,36.8,2.7,-2.4
Rodney Hood,CLE,57,1.6,58.2,1.5,43.7,1.7,43.3,1.6,39.6,2.6,39.5,3.7,39.7,104,58.7,208,48.1,4,25,8,50,0.001,0.001,58,41.4,8,37.5,17,29.4,-1.6,0.6
Rodney McGruder,MIA,14,1.2,75,0.6,44.4,0.1,0.001,0.4,20,1.5,33.3,0.4,66.7,181,53,16,50,187,55.6,4,75,3,0.001,0.001,0.001,7,0.001,20,20,6.2,5
Rodney Purvis,ORL,10,0.5,60,0.1,0.001,0.1,0.001,1.1,54.5,1.2,25,1.9,31.6,30,53.3,5,20,35,57.1,28,46.4,0.001,0.001,2,0.001,10,30,39,25.6,3,10
Ron Baker,NYK,29,0.7,40,0.001,0.001,0.001,0.001,0.1,0.001,0.6,41.2,0.7,27.8,43,65.1,9,22.2,77,50.6,10,40,1,0.001,1,100,38,26.3,95,34.7,0.001,-7.5
Rondae Hollis-Jefferson,BKN,63,5.1,56.8,2.1,34.6,1.9,47.9,1.2,45.2,0.6,27.5,0.2,23.1,36,75,283,53,39,87.2,17,52.9,0.001,0.001,3,33.3,0.001,0.001,54,37,0.6,-0.5
Royce O'Neale,UTA,64,1.6,49,0.4,36,0.3,52.6,0.1,42.9,1,34.4,0.7,33.3,18,55.6,68,51.5,381,48.8,20,65,0.001,0.001,1,0.001,173,27.7,0.001,0.001,1,0.3
Rudy Gay,SAS,52,2.9,63.6,1.5,40,1.7,49.4,0.9,41.7,1.1,25.9,1,37.7,8,37.5,207,53.6,38,44.7,103,64.1,0.001,0.001,9,22.2,117,34.2,85,36.5,-3.8,-5.9
Rudy Gobert,UTA,51,6.9,68.4,0.6,18.8,0.2,12.5,0.2,33.3,0.001,50,0.001,0.001,40,55,195,74.4,18,77.8,10,90,0.001,0.001,0.001,0.001,0.001,0.001,218,41.3,-5.2,-0.3
Russell Westbrook,OKC,76,8.6,58.3,0.9,36.9,2.5,38.5,4.1,39.6,2.4,34.6,2.6,29.6,27,51.9,516,51.7,38,81.6,3,66.7,2,0.001,38,26.3,9,22.2,1,0.001,-4.4,0.3
Ryan Anderson,HOU,65,1.2,59,0.2,9.1,0.2,53.8,0.5,56.7,1.2,41.6,3.8,39.6,10,40,51,66.7,28,53.6,11,36.4,0.001,0.001,2,50,45,31.1,48,16.7,-0.1,-0.5
Salah Mejri,DAL,59,2,70.4,0.2,38.5,0.001,0.001,0.1,25,0.001,0.001,0.1,0.001,11,54.5,53,81.1,10,40,5,20,0.001,0.001,1,0.001,23,39.1,64,25,-4.2,4
Sam Dekker,LAC,69,2.1,63.4,0.3,47.4,0.1,50,0.1,25,0.4,21.4,0.5,14.3,45,46.7,78,55.1,112,55.4,2,0.001,0.001,0.001,3,0.001,80,36.3,82,30.5,-6.5,8.9
Sean Kilpatrick,CHI,47,1.3,51.7,0.5,30,0.2,30,0.4,26.7,1.6,25,1.1,31.4,51,47.1,51,37.3,105,50.5,47,61.7,1,100,7,28.6,88,37.5,175,35.4,-1.7,2.1
Semi Ojeleye,BOS,67,0.5,41.9,0.1,0.001,0.1,50,0.1,28.6,1.1,36.1,0.6,19.5,25,44,22,45.5,31,35.5,24,58.3,0.001,0.001,2,0.001,27,40.7,85,41.2,14.1,-3.1
Serge Ibaka,TOR,71,2.1,65.1,1.1,50.7,1.3,53.3,1.6,48.3,1.6,44.6,2.6,31.3,79,44.3,228,60.5,16,87.5,11,36.4,0.001,0.001,22,31.8,5,20,44,40.9,-0.3,-8.1
Shabazz Napier,POR,69,1.6,50.9,0.4,20.8,0.5,38.9,1.2,50,2,39.6,1.6,37.6,2,50,105,48.6,48,60.4,1,100,0.001,0.001,24,25,2,0.001,14,21.4,1.3,2
Shane Larkin,BOS,50,1.1,52.7,0.2,33.3,0.2,36.4,0.6,22.2,0.9,34.9,1,38.8,59,52.5,49,57.1,49,40.8,15,66.7,12,0.001,1,0.001,34,32.4,1,0.001,-1.3,0.9
Shaquille Harrison,PHX,19,3.2,54.1,0.2,0.001,0.2,33.3,0.001,0.001,0.4,37.5,0.7,16.7,36,55.6,27,48.1,11,36.4,14,64.3,1,0.001,2,50,18,27.8,78,37.2,5.5,-1.4
Shaun Livingston,GSW,68,1.3,67.4,0.7,49,2,44.9,0.6,41.9,0.1,50,0.001,0.001,81,59.3,196,53.6,67,47.8,18,83.3,12,41.7,1,0.001,13,38.5,32,37.5,1.8,-5.8
Shelvin Mack,ORL,63,1.9,59.5,0.9,34,0.6,32.4,0.4,44,0.7,28.9,1.4,37.5,17,41.2,112,55.4,2,100,34,38.2,0.001,0.001,7,28.6,2,50,35,34.3,-0.7,0.3
Sindarius Thornwell,LAC,68,1.6,46.9,0.5,39.3,0.1,44.4,0.1,40,0.6,41.5,0.3,33.3,143,67.8,70,57.1,71,46.5,0.001,0.001,0.001,0.001,3,33.3,189,31.2,10,20,4.3,6
Skal Labissiere,SAC,60,2.5,64.6,1.9,35.7,1,38.3,1.3,33.8,0.4,36,0.6,34.3,33,57.6,202,52,78,38.5,20,55,0.001,0.001,3,33.3,68,23.5,121,38,0.3,-2.4
Solomon Hill,NOP,7,1,57.1,0.6,25,0.001,0.001,0.1,100,0.3,50,1.6,27.3,141,68.8,5,60,71,62,35,65.7,0.001,0.001,2,50,188,43.1,130,31.5,1.1,0.2
Spencer Dinwiddie,BKN,76,2.8,56.1,0.9,26.8,0.8,36.5,0.4,32.3,1.6,33.6,3.6,31.3,46,52.2,188,52.7,20,40,37,73,2,100,67,28.4,27,33.3,208,47.1,-10.2,-23.6
Stanley Johnson,DET,64,2.2,55.8,0.7,27.7,0.5,31.4,0.9,41.7,1.8,32.5,1.7,24.5,4,75,117,49.6,102,70.6,10,70,0.001,0.001,11,18.2,1,0.001,43,37.2,-1.6,0.8
Stephen Curry,GSW,51,3.6,62.7,0.4,40.9,1,56.6,1.3,61.2,3.3,43.8,6.9,43.9,10,70,156,62.2,97,54.6,22,86.4,0.001,0.001,90,31.1,7,14.3,1,0.001,-1.4,0.9
Sterling Brown,MIL,50,1.3,49.2,0.3,25,0.3,61.5,0.2,27.3,0.9,36.4,0.8,39,52,40.4,42,61.9,131,56.5,24,54.2,2,100,11,36.4,13,38.5,50,48,5.1,0.4
Steven Adams,OKC,72,7.3,66.7,1.6,50.4,0.5,54.3,0.1,20,0.001,0.001,0.001,0.001,22,72.7,353,66.3,107,57,62,50,0.001,0.001,0.001,0.001,182,37.4,18,5.6,5.7,0.1
T.J. McConnell,PHI,70,1.8,58.9,0.9,53.8,1.3,45.1,0.6,44.4,0.5,42.1,0.4,44,126,57.9,137,56.2,14,71.4,37,48.6,0.001,0.001,1,0.001,45,33.3,190,39.5,-4.6,1.8
TJ Warren,PHX,78,5,71.8,1.3,47,0.8,46.2,1.1,35.3,0.6,31.9,0.1,25,19,52.6,275,71.3,29,62.1,7,85.7,2,0.001,3,33.3,39,38.5,54,31.5,-7.5,-1.3
Taj Gibson,MIN,77,3.4,56.9,1,35.4,0.9,35.2,0.7,18.2,2.9,39.5,2.7,37.6,15,46.7,227,48.5,101,47.5,6,66.7,1,0.001,38,28.9,146,39,30,30,-0.3,1.3
Taurean Prince,ATL,59,0.5,67.7,0.001,0.001,0.001,0.001,0.1,50,1.2,39.7,0.9,27.7,82,54.9,18,55.6,31,64.5,22,50,4,25,6,50,14,50,179,39.1,4,-2.6
Terrance Ferguson,OKC,22,1.3,71.4,0.7,20,0.9,36.8,1,47.6,2,48.9,2.1,21.7,22,63.6,41,36.6,97,53.6,21,57.1,0.001,0.001,13,30.8,29,34.5,67,35.8,0.9,-0.4
Terrence Ross,ORL,76,2.4,48.6,0.7,32.1,0.6,33.3,1,39,1.9,36.8,3.3,40.6,27,51.9,162,45.7,38,63.2,43,65.1,0.001,0.001,42,38.1,25,28,142,32.4,-1.1,-3.9
Terry Rozier,BOS,38,2.4,66.7,0.4,25,0.6,40.9,0.3,33.3,2,41.6,0.5,35,141,61,64,59.4,26,53.8,53,54.7,1,0.001,2,50,15,40,65,32.3,-2,-2.9
Thabo Sefolosha,UTA,77,5.1,60.5,1.8,43.5,0.6,38.8,0.8,34.4,1.2,39.4,1.3,33,141,55.3,316,60.1,91,56,16,56.3,2,0.001,5,40,206,31.1,30,30,0.9,1.3
Thaddeus Young,IND,71,1.5,51.4,0.3,31.8,0.3,36.4,0.6,46.5,0.9,40,0.7,27.7,29,58.6,79,44.3,3,100,30,66.7,0.001,0.001,4,25,1,0.001,118,39,0.3,-0.2
Thon Maker,MIL,55,0.7,61.1,0.2,27.3,0.3,46.7,0.5,33.3,0.6,41.2,0.7,22.2,17,58.8,36,50,12,50,7,42.9,0.001,0.001,8,12.5,39,38.5,15,26.7,1.1,3.2
Tim Frazier,WAS,55,3.9,59.9,0.8,18.6,1.1,52.4,1.3,41.7,2.5,42.8,5.3,30.7,36,55.6,195,54.4,223,59.6,8,50,0.001,0.001,56,23.2,30,16.7,111,33.3,4.9,5.1
Tim Hardaway Jr.,NYK,28,2,65.5,0.2,60,0.1,25,0.001,0.001,0.6,29.4,0.1,0.001,21,57.1,29,69,125,50.4,78,51.3,1,0.001,0.001,0.001,192,38.5,53,28.3,1.1,0.4
Timofey Mozgov,BKN,52,1.6,50.6,0.2,8.3,0.001,100,0.1,20,1.5,31.1,1.7,34.8,16,62.5,42,54.8,46,56.5,44,70.5,0.001,0.001,7,14.3,18,27.8,196,45.9,-6.5,6.4
Timothe Luwawu-Cabarrot,PHI,65,7,65.2,2.2,40,2.6,43.9,2.6,39.6,1.3,27.7,0.6,23.8,15,33.3,477,52.2,8,75,26,57.7,1,0.001,6,0.001,2,0.001,73,52.1,-0.6,-0.7
Tobias Harris,LAC,75,4,57.7,2,43.3,2,44.3,1.3,41,2.3,39.3,3.6,42.8,35,42.9,340,52.1,105,48.6,6,50,2,0.001,33,39.4,10,40,8,50,-1.8,-0.8
Tomas Satoransky,WAS,68,1.7,63.5,0.8,57.4,0.5,40.5,0.6,41.7,0.9,42.4,0.7,51.1,46,56.5,130,60,29,34.5,49,55.1,0.001,0.001,1,100,71,40.8,22,22.7,1.1,-0.2
Tony Allen,NOP,22,3,56.1,0.4,25,0.001,0.001,0.001,0.001,0.6,41.7,0.1,0.001,16,75,37,56.8,13,69.2,15,53.3,2,0.001,2,0.001,27,37,163,41.7,2.8,-6.6
Tony Parker,SAS,50,2.9,61.4,0.7,35.3,0.8,45.2,1.6,39.2,1.2,30,0.1,33.3,65,66.2,120,52.5,4,50,2,50,5,0.001,1,0.001,9,11.1,21,33.3,8.9,-6.8
Tony Snell,MIL,70,1.1,58.4,0.3,21.7,0.2,60,0.3,47.6,1.8,38.9,1.9,42.4,36,52.8,63,65.1,37,54.1,4,50,0.001,0.001,6,33.3,25,36,29,48.3,4.9,-2.3
Torrey Craig,DEN,34,1.9,59.1,0.1,20,0.1,50,0.1,50,0.9,45.2,0.6,23.8,14,42.9,32,75,24,70.8,10,60,3,0.001,4,0.001,155,35.5,67,44.8,2.5,4.2
Travis Wear,LAL,13,0.1,100,0.1,0.001,0.1,0.001,0.5,28.6,1.4,55.6,2.2,31,10,50,5,20,41,63.4,9,77.8,0.001,0.001,0.001,0.001,4,25,210,43.3,-0.7,0.001
Treveon Graham,CHA,63,1,50.8,0.4,37.5,0.3,31.6,0.2,53.8,0.9,43.6,0.7,40.9,6,50,52,48.1,92,55.4,8,62.5,0.001,0.001,1,100,27,37,23,30.4,-2.1,-18.3
Trevor Ariza,HOU,64,2.4,57.8,0.2,7.1,0.1,0.001,0.1,20,4,41.7,2.9,32.4,17,47.1,92,56.5,56,50,30,73.3,0.001,0.001,76,27.6,85,40,34,44.1,0.5,2.4
Trevor Booker,IND,63,2.7,60.9,1.3,48.8,0.2,26.7,0.3,38.9,0.2,28.6,0.2,30.8,19,42.1,155,58.7,27,81.5,14,57.1,2,0.001,1,0.001,0.001,0.001,105,39,9,-7.1
Trey Burke,NYK,31,1.5,66.7,0.9,42.9,1.4,53.5,2.7,51.2,1.8,61.8,1.8,36.8,44,56.8,90,53.3,29,44.8,14,57.1,1,0.001,18,38.9,221,40.3,0.001,0.001,-1.4,-4.1
Trey Lyles,DEN,69,3,62.4,0.8,39.2,0.6,55.3,0.3,38.9,1.4,41.1,1.7,37.5,31,38.7,159,64.2,14,71.4,7,42.9,1,0.001,18,38.9,16,31.3,127,45.7,-2.2,-5.4
Tristan Thompson,CLE,48,3.4,65,0.8,36.8,0.2,20,0.1,20,0.001,0.001,0.001,0.001,58,60.3,124,59.7,13,69.2,8,87.5,0.001,0.001,0.001,0.001,9,22.2,19,26.3,-2.3,-0.3
Troy Daniels,PHX,77,0.4,48.3,0.2,50,0.3,50,0.4,37.9,2.4,45.1,3.6,36.5,109,54.1,56,48.2,29,44.8,4,100,1,0.001,96,36.5,67,41.8,73,39.7,4.2,2.5
Troy Williams,NYK,21,2.9,60,0.1,66.7,0.2,0.001,0.2,33.3,0.6,33.3,1.3,28.6,24,54.2,30,53.3,19,52.6,12,58.3,0.001,0.001,2,50,9,11.1,85,34.1,3.6,1.5
Tyler Cavanaugh,ATL,38,1.1,57.1,0.2,57.1,0.1,60,0.1,0.001,1.6,42.4,0.8,30,42,57.1,27,66.7,98,49,9,44.4,0.001,0.001,0.001,0.001,116,41.4,27,25.9,-1.9,-0.5
Tyler Dorsey,ATL,51,1.5,50.7,0.2,10,0.3,7.1,0.5,46.2,2,33.3,1.8,35.2,25,56,69,44.9,126,49.2,33,42.4,0.001,0.001,17,5.9,23,21.7,172,35.5,8.3,9.7
Tyler Ennis,LAL,48,1.7,53.1,0.3,33.3,0.2,22.2,0.4,43.8,0.4,50,0.6,7.4,93,51.6,57,59.6,33,60.6,57,40.4,4,0.001,3,0.001,3,33.3,105,31.4,3.3,2.7
Tyler Johnson,MIA,67,2.3,59.9,0.7,44.9,0.6,39,0.9,39.7,2.7,38.8,2.6,36,13,46.2,138,58.7,92,52.2,23,60.9,0.001,0.001,11,27.3,138,41.3,24,37.5,5.4,-8
Tyler Ulis,PHX,67,1.3,39.5,0.7,48.9,1.8,47,1.6,37,0.7,26.5,1.3,31,15,40,116,50,21,52.4,34,61.8,17,58.8,3,0.001,7,42.9,103,43.7,3.7,-2.7
Tyler Zeller,MIL,61,3.3,63.4,0.9,39.3,0.2,45.5,0.1,33.3,0.5,38.7,0.001,0.001,18,27.8,122,64.8,30,70,9,77.8,0.001,0.001,0.001,0.001,0.001,0.001,22,27.3,5.1,1
Tyreke Evans,MEM,52,7.6,51.9,0.7,30.6,0.1,40,0.6,39.4,2.1,40.2,4.4,39.6,29,65.5,224,55.4,31,51.6,14,92.9,0.001,0.001,43,27.9,35,34.3,0.001,0.001,-1.1,6.8
Tyrone Wallace,LAC,25,4,56,1.5,43.2,1.2,27.6,0.2,20,0.8,40,0.4,20,14,64.3,97,58.8,256,54.7,21,61.9,0.001,0.001,4,25,219,39.7,78,35.9,0.2,-2.5
Tyson Chandler,PHX,46,4,64.8,0.001,50,0.001,100,0.001,50,0.001,0.001,0.001,0.001,38,55.3,95,66.3,35,51.4,90,63.3,2,0.001,0.001,0.001,71,38,123,35.8,6.5,-10.4
Tyus Jones,MIN,78,1.2,61.1,0.6,41.9,0.4,51.6,0.3,45.8,0.9,35.7,0.6,36,94,42.6,101,60.4,26,46.2,12,50,0.001,0.001,3,0.001,197,38.1,55,30.9,-1,2.3
Victor Oladipo,IND,71,5.3,65.1,0.9,37.5,1.3,48.9,3.5,42.5,2.3,44.2,4.7,34.5,117,58.1,338,60.7,28,67.9,9,44.4,0.001,0.001,59,32.2,60,33.3,173,42.2,8.1,-0.8
Vince Carter,SAC,54,0.9,56,0.3,22.2,0.1,42.9,0.4,54.2,1.1,33.9,1.9,36.3,20,70,49,46.9,23,56.5,11,72.7,1,0.001,25,32,4,25,46,52.2,3,-1.7
Wayne Ellington,MIA,72,0.8,60,0.1,0.001,0.1,12.5,0.3,42.9,3.1,40.9,4.6,37.8,78,56.4,50,54,68,48.5,16,62.5,2,50,144,35.4,60,31.7,30,20,-6.5,12.1
Wayne Selden,MEM,35,1.9,52.2,1,30.6,0.6,40,0.5,57.9,1.3,36.2,2.2,43.6,2,100,73,47.9,86,44.2,32,46.9,0.001,0.001,13,38.5,136,35.3,86,40.7,1,4.4
Wes Iwundu,ORL,56,1.4,61.3,0.4,36.4,0.4,42.9,0.3,31.3,0.6,25.8,0.2,7.7,35,42.9,56,48.2,90,56.7,26,38.5,2,0.001,1,0.001,189,29.6,226,41.6,4.2,-7.5
Wesley Johnson,LAC,69,0.9,59,0.1,28.6,0.3,40,0.9,38.1,2.2,36.7,0.8,34.6,28,46.4,64,43.8,109,52.3,29,72.4,0.001,0.001,24,20.8,3,0.001,140,45.7,1,-7.3
Wesley Matthews,DAL,63,1.3,48.2,1,45.5,1.1,42.6,0.9,49.1,3,41,3.7,33.9,47,51.1,124,49.2,26,61.5,101,54.5,2,50,34,32.4,0.001,0.001,9,33.3,-1.4,1.5
Will Barton,DEN,76,4.7,60.3,1.4,30.2,0.6,42.2,0.5,28.9,1.8,33.8,3.4,38,115,59.1,275,60,67,56.7,3,100,0.001,0.001,50,38,122,31.1,1,100,0.9,-3.2
Willie Cauley-Stein,SAC,69,5.7,61.1,2.1,32.6,0.6,27.9,1.4,39,0.3,52.6,0.1,40,36,55.6,308,54.9,6,16.7,20,65,0.001,0.001,0.001,0.001,5,0.001,56,42.9,5.8,0.1
Willie Reed,DET,42,2,70.7,0.6,69.6,0.3,40,0.1,50,0.001,100,0.001,0.001,8,37.5,56,83.9,109,52.3,6,66.7,0.001,0.001,0.001,0.001,133,36.1,8,0.001,-2.5,2.9
Wilson Chandler,DEN,69,3.2,60.8,1,38.2,0.5,22.2,0.4,35.7,1.7,35.9,1.8,36.4,1,100,178,49.4,24,41.7,50,44,0.001,0.001,49,38.8,17,29.4,182,38.5,-5,-7.3
Xavier Rathan-Mayes,MEM,5,1.4,71.4,1.2,16.7,0.4,0.001,1.2,33.3,1.8,33.3,2.2,9.1,5,40,9,44.4,39,35.9,14,57.1,0.001,0.001,0.001,0.001,58,29.3,81,34.6,-3.4,1.5
Yogi Ferrell,DAL,77,1.8,52.2,0.4,32.3,0.7,44.4,1.3,50.5,2.2,43.3,2.6,33.8,1,100,137,56.2,152,48.7,23,47.8,0.001,0.001,19,47.4,36,25,38,44.7,0.1,18.1
Zach Collins,POR,61,1.4,56.3,0.4,38.5,0.4,34.8,0.4,21.7,1.1,42.4,0.7,20.5,3,100,80,50,38,68.4,56,35.7,0.001,0.001,3,33.3,0.001,0.001,105,38.1,7.8,-0.3
Zach LaVine,CHI,24,5.9,49.3,0.6,14.3,0.8,33.3,1.3,30,2.9,29,3.4,34.6,11,81.8,91,48.4,11,63.6,52,59.6,0.001,0.001,23,30.4,14,28.6,1,0.001,-6.3,5.4
Zach Randolph,SAC,59,4.2,64.5,2.5,42.6,1.2,32.4,2,46.2,1.4,35.7,1.7,34.7,1,100,253,58.5,2,100,2,50,0.001,0.001,6,33.3,1,100,13,46.2,1.6,-3.3
Zaza Pachulia,GSW,65,2.8,62.6,0.4,41.7,0.3,55.6,0.4,37,0.001,0.001,0.001,0.001,31,61.3,92,72.8,2,50,1,100,0.001,0.001,0.001,0.001,1,0.001,2,50,7.5,3.1
