PLAYER,TEAM,AGE,GP,W,L,MIN,PTS,FGM,FGA,FG%,3PM,3PA,3P%,FTM,FTA,FT%,OREB,DREB,REB,AST,TOV,STL,BLK,PF,DD2,TD3,+/-
LeBron James,CLE,33,77,47,30,37.1,27.4,10.5,19.4,54.2,1.8,4.9,36.3,4.6,6.3,73.3,1.2,7.5,8.7,9.1,4.2,1.5,0.9,1.7,54.4,48,17
Jimmy Butler,MIN,28,56,34,22,37.1,22.2,7.4,15.8,47.3,1.2,3.5,35.6,6.1,7.0,86.5,1.3,4.1,5.4,5.0,1.8,1.9,0.4,1.3,41.4,3,0
Giannis Antetokounmpo,MIL,23,72,38,34,37.0,27.2,10.0,18.7,53.5,0.6,1.8,32.3,6.6,8.7,75.6,2.1,7.9,10.0,4.8,2.9,1.4,1.4,3.1,52.1,39,1
Khris Middleton,MIL,26,77,41,36,36.6,20.2,7.3,15.6,46.7,1.8,5.1,36.3,3.8,4.4,87.8,0.5,4.7,5.2,3.9,2.3,1.4,0.2,3.4,35.2,5,1
Paul George,OKC,27,75,44,31,36.6,21.6,7.3,16.9,43.1,3.0,7.5,39.8,4.1,5.0,81.5,0.9,4.8,5.7,3.4,2.7,2.1,0.5,3.0,38.6,4,0
Damian Lillard,POR,27,69,43,26,36.6,26.7,8.4,19.2,44.0,3.1,8.5,36.3,6.7,7.3,91.8,0.8,3.7,4.5,6.6,2.8,1.1,0.4,1.6,43.4,10,0
Anthony Davis,NOP,25,70,40,30,36.4,28.1,10.4,19.5,53.5,0.7,2.2,33.8,6.5,7.8,83.5,2.5,8.6,11.1,2.3,2.2,1.5,2.5,2.1,54.6,46,1
Russell Westbrook,OKC,29,76,44,32,36.3,25.4,9.5,21.1,45.0,1.2,4.1,29.4,5.2,7.1,73.3,1.8,8.0,9.8,10.2,4.7,1.8,0.3,2.5,53.8,55,24
Andrew Wiggins,MIN,23,78,44,34,36.3,18.0,7.1,16.0,44.2,1.4,4.2,33.0,2.5,3.9,64.5,0.9,3.3,4.3,1.9,1.7,1.1,0.6,2.0,29.5,1,0
Jrue Holiday,NOP,27,76,42,34,36.3,19.0,7.6,15.5,49.0,1.5,4.4,33.4,2.3,3.0,78.3,0.8,3.8,4.5,5.9,2.6,1.4,0.8,2.5,37.2,7,1
Bradley Beal,WAS,24,77,42,35,36.2,22.7,8.4,18.2,46.0,2.4,6.5,37.4,3.5,4.5,79.1,0.7,3.6,4.4,4.6,2.6,1.2,0.4,1.9,37.1,4,0
DeMarcus Cousins,NOP,27,48,27,21,36.2,25.2,8.5,18.0,47.0,2.2,6.1,35.4,6.1,8.2,74.6,2.2,10.7,12.9,5.4,5.0,1.6,1.6,3.8,53.3,38,3
CJ McCollum,POR,26,76,47,29,36.1,21.7,8.3,18.5,45.0,2.4,5.9,40.7,2.6,3.1,84.0,0.6,3.3,3.9,3.3,1.8,1.0,0.4,2.1,33.7,1,0
James Harden,HOU,28,68,56,12,35.5,30.6,9.1,20.4,44.6,3.7,10.2,36.2,8.7,10.1,86.1,0.6,4.8,5.4,8.8,4.3,1.8,0.7,2.4,53.3,29,4
Karl-Anthony Towns,MIN,22,78,44,34,35.5,21.2,7.7,14.2,54.1,1.5,3.5,42.4,4.3,5.0,85.6,2.9,9.4,12.3,2.4,2.0,0.8,1.4,3.4,44.2,64,0
Gary Harris,DEN,23,65,36,29,34.8,17.7,6.6,13.7,48.6,2.4,6.0,39.9,2.0,2.4,82.7,0.6,2.1,2.7,3.0,1.8,1.8,0.2,1.8,29.7,0,0
Kemba Walker,CHA,27,76,34,42,34.6,22.6,7.5,17.4,43.2,3.0,7.7,38.8,4.6,5.4,86.3,0.4,2.8,3.2,5.6,2.3,1.2,0.3,1.3,37.1,3,0
Devin Booker,PHX,21,54,16,38,34.5,24.9,8.4,19.5,43.2,2.7,7.1,38.3,5.4,6.1,87.8,0.5,4.0,4.5,4.7,3.6,0.9,0.3,3.1,37.2,4,0
Kevin Durant,GSW,29,63,47,16,34.3,26.3,9.3,17.9,52.1,2.6,6.0,43.0,5.2,5.8,88.6,0.5,6.3,6.8,5.4,3.0,0.7,1.9,2.0,47.3,13,2
Victor Oladipo,IND,25,71,46,25,34.3,23.3,8.5,18.1,47.3,2.2,5.9,36.6,4.1,5.0,81.0,0.6,4.6,5.2,4.3,2.9,2.3,0.7,2.3,42.3,3,0
Klay Thompson,GSW,28,68,53,15,34.3,19.9,7.8,15.9,49.1,3.1,7.0,44.2,1.2,1.4,83.2,0.4,3.4,3.8,2.6,1.8,0.7,0.5,1.6,30.2,2,0
John Wall,WAS,27,38,22,16,34.3,19.2,6.8,16.3,41.5,1.4,4.1,35.7,4.2,5.8,72.1,0.6,3.0,3.6,9.4,3.6,1.3,1.1,1.9,41.3,17,0
Lonzo Ball,LAL,20,52,24,28,34.2,10.2,3.9,10.8,36.0,1.7,5.7,30.5,0.6,1.4,45.1,1.3,5.6,6.9,7.2,2.6,1.7,0.8,2.3,34.3,13,2
Harrison Barnes,DAL,25,74,23,51,34.1,18.9,7.0,15.6,44.8,1.5,4.2,36.4,3.4,4.1,83.1,1.0,5.2,6.2,2.0,1.5,0.7,0.2,1.2,30.4,8,0
Ben Simmons,PHI,21,75,45,30,34.1,15.8,6.7,12.5,54.0,0.0,0.1,0.0,2.4,4.2,56.4,1.8,6.2,8.0,8.2,3.4,1.7,0.9,2.6,42.0,35,11
DeMar DeRozan,TOR,28,75,54,21,34.1,23.4,8.2,17.8,46.0,1.1,3.6,30.9,5.9,7.2,82.4,0.7,3.2,3.9,5.2,2.2,1.1,0.3,1.9,37.7,0,0
Trevor Ariza,HOU,32,64,49,15,34.0,11.9,4.0,9.7,41.4,2.6,6.9,37.6,1.2,1.4,85.4,0.5,4.0,4.5,1.6,0.8,1.5,0.2,2.0,23.9,1,0
Blake Griffin,DET,29,58,28,30,34.0,21.4,7.5,17.2,43.8,1.9,5.6,34.5,4.5,5.7,78.5,1.3,6.1,7.4,5.8,2.8,0.7,0.3,2.4,39.1,16,3
Wesley Matthews,DAL,31,63,20,43,33.8,12.7,4.5,11.1,40.6,2.4,6.4,38.1,1.3,1.6,82.2,0.4,2.7,3.1,2.7,1.3,1.2,0.3,2.2,23.7,0,0
Kentavious Caldwell-Pope,LAL,25,68,29,39,33.8,13.6,4.7,11.0,42.6,2.2,5.8,38.1,2.0,2.6,77.7,0.9,4.6,5.4,2.2,1.4,1.5,0.2,1.9,27.1,4,0
Austin Rivers,LAC,25,57,29,28,33.8,15.3,5.7,13.3,43.0,2.3,5.9,38.3,1.6,2.5,63.6,0.5,2.0,2.5,3.8,1.8,1.2,0.3,2.5,26.9,0,0
Aaron Gordon,ORL,22,53,16,37,33.7,18.0,6.6,15.1,43.7,2.0,5.9,34.3,2.8,4.0,70.6,1.6,6.7,8.3,2.4,1.8,1.0,0.8,2.0,35.0,17,0
Taj Gibson,MIN,32,78,44,34,33.5,12.2,5.2,8.9,58.1,0.1,0.4,20.0,1.7,2.3,76.7,2.3,4.7,7.1,1.2,1.1,0.8,0.7,2.6,25.8,16,0
Tobias Harris,LAC,25,75,38,37,33.5,18.6,7.0,15.2,46.1,2.4,5.7,41.6,2.2,2.6,82.3,0.7,4.7,5.4,2.4,1.3,0.9,0.5,2.1,31.3,3,0
Brandon Ingram,LAL,20,59,27,32,33.5,16.1,6.1,12.9,47.0,0.7,1.8,39.0,3.3,4.8,68.1,1.0,4.4,5.3,3.9,2.5,0.8,0.7,2.8,30.3,6,0
Donovan Mitchell,UTA,21,74,42,32,33.5,20.3,7.5,17.2,43.7,2.4,7.0,33.7,2.9,3.6,81.3,0.6,3.0,3.6,3.6,2.7,1.5,0.4,2.7,32.9,0,0
Josh Richardson,MIA,24,76,41,35,33.4,13.0,5.0,11.0,45.3,1.6,4.3,38.0,1.4,1.7,84.0,0.9,2.6,3.5,2.9,1.8,1.5,0.9,2.5,26.9,0,0
Andre Drummond,DET,24,75,36,39,33.4,15.0,5.9,11.3,52.8,0.0,0.1,0.0,3.1,5.1,61.8,5.1,10.9,16.0,3.0,2.6,1.5,1.7,3.2,45.6,59,0
LaMarcus Aldridge,SAS,32,70,43,27,33.4,23.1,9.1,17.9,50.9,0.4,1.2,31.0,4.5,5.4,83.3,3.3,5.1,8.4,2.1,1.5,0.5,1.2,2.2,39.9,26,0
Marc Gasol,MEM,33,71,20,51,33.2,17.4,6.0,14.3,42.0,1.5,4.4,33.9,3.9,4.7,83.3,1.1,7.1,8.2,4.1,2.6,0.7,1.4,2.5,37.2,25,1
Tim Hardaway Jr.,NYK,26,55,18,37,33.1,17.5,6.3,15.1,41.9,2.3,7.2,31.6,2.6,3.1,82.1,0.6,3.3,3.9,2.7,1.6,1.1,0.2,2.1,28.4,2,0
TJ Warren,PHX,24,65,18,47,33.0,19.6,8.1,16.4,49.8,0.3,1.4,22.2,3.0,3.9,75.7,1.9,3.2,5.1,1.3,1.3,1.0,0.6,2.3,31.2,6,0
Draymond Green,GSW,28,65,46,19,32.8,11.2,4.1,9.0,45.6,1.1,3.7,30.7,1.9,2.4,77.4,1.1,6.7,7.8,7.4,2.8,1.4,1.4,2.7,37.1,22,3
Jeff Teague,MIN,29,66,38,28,32.8,13.8,4.9,11.1,44.3,1.2,3.2,37.3,2.8,3.4,84.2,0.3,2.6,3.0,7.0,2.5,1.5,0.3,2.5,30.8,13,0
Will Barton,DEN,27,76,42,34,32.8,15.1,5.5,12.4,44.6,1.9,5.1,36.6,2.2,2.7,80.7,0.8,4.1,4.9,4.1,1.8,1.0,0.6,2.0,30.4,1,0
Lou Williams,LAC,31,76,41,35,32.8,22.7,7.4,17.0,43.8,2.4,6.7,36.0,5.4,6.1,88.0,0.5,2.1,2.6,5.3,3.0,1.1,0.3,1.4,34.8,7,0
Steven Adams,OKC,24,72,40,32,32.7,14.0,5.9,9.5,62.8,0.0,0.0,0.0,2.1,3.7,56.2,5.1,3.9,9.1,1.1,1.7,1.2,1.1,2.8,31.8,28,0
Rudy Gobert,UTA,25,51,33,18,32.7,13.7,5.0,7.9,62.5,0.0,0.0,0.0,3.8,5.5,69.4,2.9,7.9,10.8,1.3,1.8,0.8,2.3,2.7,36.1,28,0
Thaddeus Young,IND,29,77,46,31,32.6,11.9,5.3,10.8,48.7,0.8,2.3,32.6,0.6,1.1,59.5,2.2,4.1,6.3,1.9,1.3,1.7,0.5,2.2,27.4,8,0
Kristaps Porzingis,NYK,22,48,22,26,32.4,22.7,8.1,18.5,43.9,1.9,4.8,39.5,4.5,5.7,79.3,1.3,5.3,6.6,1.2,1.9,0.8,2.4,2.9,39.8,5,0
Kyle Lowry,TOR,32,72,53,19,32.3,16.5,5.2,12.1,43.1,3.1,7.6,40.5,3.0,3.5,85.7,0.9,4.7,5.6,6.9,2.3,1.1,0.2,2.4,35.2,22,3
Evan Fournier,ORL,25,57,20,37,32.2,17.8,6.5,14.1,45.9,2.2,5.9,37.9,2.6,3.0,86.7,0.4,2.8,3.2,2.9,1.7,0.8,0.3,2.4,27.6,0,0
Kyrie Irving,BOS,26,60,41,19,32.2,24.4,8.9,18.1,49.1,2.8,6.8,40.8,3.9,4.4,88.9,0.6,3.2,3.8,5.1,2.3,1.1,0.3,2.0,38.4,1,0
Nikola Jokic,DEN,23,70,39,31,32.1,18.1,6.6,13.1,49.9,1.4,3.6,39.2,3.5,4.2,85.2,2.6,8.0,10.6,6.0,2.8,1.1,0.8,2.8,42.8,34,8
Carmelo Anthony,OKC,33,74,43,31,32.1,16.3,6.1,15.1,40.6,2.2,6.1,36.5,1.8,2.4,75.6,0.8,5.0,5.8,1.3,1.3,0.6,0.6,2.5,27.7,6,0
Stephen Curry,GSW,30,51,41,10,32.0,26.4,8.4,16.9,49.5,4.2,9.8,42.3,5.5,5.9,92.1,0.7,4.4,5.1,6.1,3.0,1.6,0.2,2.2,43.8,5,0
Danilo Gallinari,LAC,29,21,11,10,32.0,15.3,4.9,12.2,39.8,1.7,5.3,32.4,3.9,4.1,93.1,0.4,4.4,4.8,2.0,1.2,0.6,0.5,1.4,25.9,0,0
Goran Dragic,MIA,31,72,38,34,31.9,17.4,6.5,14.5,44.9,1.5,4.1,36.6,3.0,3.7,80.1,0.7,3.3,4.1,4.8,2.2,0.8,0.2,2.4,30.3,2,0
Chris Paul,HOU,32,54,47,7,31.9,18.6,6.3,13.7,45.7,2.5,6.4,38.3,3.7,4.0,91.7,0.7,4.9,5.6,8.0,2.3,1.7,0.3,2.4,41.0,14,1
DeAndre Jordan,LAC,29,72,38,34,31.8,12.2,4.9,7.6,64.6,0.0,0.0,0.0,2.4,4.0,59.8,4.3,11.1,15.3,1.5,1.8,0.5,0.9,2.7,35.5,44,0
Otto Porter Jr.,WAS,24,73,41,32,31.8,14.8,5.8,11.6,50.0,1.8,4.1,43.9,1.4,1.7,82.9,1.3,5.1,6.4,2.1,0.9,1.5,0.5,1.9,31.0,13,0
Robert Covington,PHI,27,74,45,29,31.8,12.8,4.4,10.6,41.3,2.6,6.9,37.0,1.5,1.7,85.3,0.7,4.7,5.4,1.9,1.6,1.6,0.8,3.0,27.8,6,0
E'Twaun Moore,NOP,29,77,43,34,31.7,12.2,5.1,10.1,49.9,1.5,3.6,41.8,0.5,0.8,67.7,0.7,2.3,3.0,2.2,1.3,0.9,0.1,2.2,21.0,0,0
Justin Holiday,CHI,28,68,23,45,31.7,12.1,4.0,10.7,37.2,2.3,6.1,36.6,1.9,2.3,82.7,0.5,3.6,4.1,2.1,1.3,1.1,0.5,1.8,23.4,1,0
Al Horford,BOS,31,68,47,21,31.6,12.8,5.1,10.4,49.2,1.4,3.2,43.3,1.2,1.5,75.2,1.4,6.0,7.4,4.8,1.9,0.6,1.1,2.0,31.9,14,0
Joe Ingles,UTA,30,77,44,33,31.5,11.5,4.1,8.8,46.2,2.5,5.7,44.1,0.8,1.0,82.7,0.3,4.0,4.3,4.6,1.9,1.1,0.2,2.2,25.5,3,0
Nicolas Batum,CHA,29,60,25,35,31.5,11.6,4.3,10.3,41.4,1.4,4.3,33.2,1.7,2.0,82.6,0.9,4.0,4.8,5.5,2.0,1.1,0.4,1.2,28.0,7,2
Eric Bledsoe,MIL,28,69,37,32,31.5,17.8,6.3,13.6,46.6,1.7,5.0,34.3,3.4,4.3,78.3,0.7,3.1,3.8,4.9,3.0,2.0,0.6,2.5,34.6,1,0
Wilson Chandler,DEN,30,69,37,32,31.4,10.1,3.8,8.6,44.6,1.2,3.3,35.8,1.2,1.6,77.3,1.4,3.9,5.3,2.2,1.3,0.6,0.5,2.1,21.9,4,0
Eric Gordon,HOU,29,67,53,14,31.4,18.3,6.1,14.2,43.2,3.2,8.8,36.3,2.9,3.6,81.2,0.3,2.1,2.5,2.2,1.9,0.6,0.4,1.7,25.8,0,0
Jamal Murray,DEN,21,76,42,34,31.3,16.7,5.9,13.1,45.1,2.1,5.4,38.5,2.8,3.1,91.1,1.0,2.7,3.7,3.3,2.2,1.0,0.3,2.1,27.8,1,0
Avery Bradley,LAC,27,46,22,24,31.2,14.3,5.6,13.6,41.4,1.6,4.4,36.9,1.4,1.8,76.8,0.5,2.0,2.5,2.0,2.2,1.1,0.2,2.0,22.0,0,0
Kyle Kuzma,LAL,22,74,33,41,31.1,16.0,6.0,13.4,45.1,2.1,5.7,36.5,1.9,2.6,71.4,1.2,5.2,6.3,1.9,1.7,0.6,0.4,2.1,27.9,17,0
Mike Conley,MEM,30,12,7,5,31.1,17.1,5.3,14.0,38.1,2.0,6.4,31.2,4.4,5.5,80.3,0.0,2.3,2.3,4.1,1.5,1.0,0.3,2.0,28.2,0,0
Dennis Schroder,ATL,24,67,21,46,31.0,19.4,7.5,17.1,43.6,1.1,3.9,29.0,3.4,4.0,84.9,0.7,2.4,3.1,6.2,2.7,1.1,0.1,2.2,33.2,5,0
Bojan Bogdanovic,IND,28,76,45,31,31.0,14.3,5.0,10.6,47.4,1.9,4.8,39.5,2.3,2.6,86.5,0.4,3.0,3.4,1.5,1.3,0.7,0.1,1.6,21.6,0,0
Tyreke Evans,MEM,28,52,19,33,30.9,19.4,7.0,15.6,45.2,2.2,5.5,39.9,3.2,4.0,78.5,0.8,4.3,5.1,5.2,2.3,1.1,0.3,1.8,35.3,7,0
Jaylen Brown,BOS,21,65,46,19,30.7,14.0,5.2,11.3,45.9,1.6,4.3,38.0,2.1,3.2,64.6,1.0,4.1,5.1,1.6,1.7,1.0,0.4,2.7,25.0,2,0
Jayson Tatum,BOS,20,76,53,23,30.6,13.9,5.0,10.4,47.8,1.3,3.0,43.4,2.6,3.2,82.6,0.6,4.5,5.1,1.6,1.4,0.9,0.8,2.1,26.0,4,0
Courtney Lee,NYK,32,72,26,46,30.6,11.9,4.4,9.9,44.8,1.5,3.7,39.8,1.6,1.7,91.9,0.4,2.5,2.9,2.4,1.2,1.1,0.2,1.4,21.8,1,0
Dion Waiters,MIA,26,30,16,14,30.6,14.3,5.4,13.7,39.8,1.7,5.7,30.6,1.7,2.3,73.9,0.3,2.3,2.6,3.8,2.3,0.8,0.3,2.0,23.9,0,0
Dwight Howard,CHA,32,77,33,44,30.5,16.7,6.3,11.3,55.6,0.0,0.1,14.3,4.1,7.2,57.0,3.1,9.2,12.3,1.3,2.6,0.6,1.6,3.1,37.4,49,0
Malcolm Brogdon,MIL,25,46,24,22,30.5,13.3,5.2,10.6,48.7,1.3,3.4,37.8,1.6,1.8,88.2,0.5,2.8,3.3,3.2,1.4,0.9,0.3,2.8,24.2,1,0
Joel Embiid,PHI,24,63,41,22,30.3,22.9,8.1,16.8,48.3,1.0,3.4,30.8,5.7,7.4,76.9,2.3,8.7,11.0,3.2,3.7,0.6,1.8,3.3,44.3,38,0
Patrick Beverley,LAC,29,11,5,6,30.3,12.2,4.4,10.8,40.3,2.2,5.5,40.0,1.3,1.5,82.4,1.5,2.6,4.1,2.9,2.3,1.6,0.5,3.1,25.5,0,0
JJ Redick,PHI,33,65,40,25,30.2,16.6,5.6,12.3,45.2,2.7,6.5,41.3,2.8,3.1,90.5,0.1,2.4,2.6,3.0,1.5,0.5,0.1,1.8,24.4,0,0
Taurean Prince,ATL,24,77,22,55,30.2,13.6,4.9,11.6,42.0,2.1,5.4,38.1,1.8,2.2,83.7,0.6,4.2,4.8,2.5,2.3,1.0,0.5,2.0,25.6,5,0
Nikola Vucevic,ORL,27,53,15,38,30.2,17.0,7.2,15.1,47.5,1.2,3.8,31.8,1.4,1.7,82.0,1.8,7.4,9.2,3.3,2.0,1.0,1.1,2.6,37.3,27,1
Dario Saric,PHI,23,74,45,29,30.1,14.9,5.2,11.5,45.5,2.1,5.1,39.9,2.4,2.8,86.8,2.0,4.8,6.9,2.6,2.0,0.7,0.3,2.1,28.0,13,0
Lauri Markkanen,CHI,20,64,22,42,30.1,15.0,5.5,12.7,43.1,2.1,5.9,34.9,2.0,2.4,84.9,1.1,6.4,7.5,1.1,1.2,0.5,0.6,1.5,27.9,14,0
DeMarre Carroll,BKN,31,72,25,47,30.0,13.5,4.5,10.8,41.4,2.0,5.4,36.8,2.6,3.4,76.6,1.5,5.2,6.6,2.0,1.4,0.8,0.4,2.3,26.8,13,0
Al-Farouq Aminu,POR,27,64,39,25,30.0,9.6,3.4,8.5,40.2,1.9,4.9,38.1,0.9,1.3,73.8,1.4,6.2,7.6,1.2,1.1,1.1,0.6,1.9,24.5,9,0
Marcus Smart,BOS,24,54,38,16,29.9,10.2,3.5,9.5,36.7,1.4,4.6,30.1,1.8,2.5,72.9,0.8,2.7,3.5,4.8,2.4,1.3,0.4,2.5,24.4,0,0
Ricky Rubio,UTA,27,72,40,32,29.9,12.9,4.4,10.8,41.0,1.2,3.5,34.5,2.8,3.3,85.7,0.6,4.0,4.6,5.4,2.8,1.6,0.2,2.8,29.0,11,0
Darren Collison,IND,30,64,37,27,29.7,12.5,4.6,9.3,49.4,1.4,3.0,45.1,2.0,2.2,88.0,0.5,2.0,2.6,5.4,1.3,1.4,0.2,1.8,27.2,6,0
Paul Millsap,DEN,33,33,18,15,29.6,15.1,5.5,11.4,48.3,1.1,3.0,36.7,3.0,4.2,70.5,1.6,4.9,6.5,2.8,2.0,1.2,1.1,2.6,31.9,2,0
Dennis Smith Jr.,DAL,20,66,21,45,29.5,15.2,5.8,14.8,39.4,1.6,4.9,31.7,2.0,2.8,69.5,0.7,3.0,3.7,5.0,2.8,1.0,0.2,2.2,28.0,5,1
Jonathon Simmons,ORL,28,69,21,48,29.4,13.9,5.1,11.0,46.5,1.0,3.0,33.8,2.7,3.5,76.8,0.9,2.6,3.5,2.5,2.1,0.8,0.2,2.5,22.9,0,0
Allen Crabbe,BKN,25,71,22,49,29.4,12.5,4.3,10.8,39.6,2.5,6.9,36.5,1.4,1.7,84.0,0.4,3.9,4.3,1.5,1.1,0.6,0.5,2.3,22.0,0,0
Kris Dunn,CHI,24,52,19,33,29.3,13.4,5.5,12.8,42.9,0.8,2.6,32.1,1.6,2.2,73.0,0.5,3.8,4.3,6.0,2.9,2.0,0.5,3.4,32.2,4,0
Myles Turner,IND,22,60,37,23,28.8,13.5,5.0,10.1,49.0,0.9,2.5,37.4,2.6,3.4,77.5,1.5,5.2,6.7,1.4,1.5,0.6,1.9,2.8,29.5,11,0
Spencer Dinwiddie,BKN,24,76,25,51,28.7,12.6,4.1,10.5,38.7,1.7,5.3,32.5,2.7,3.3,81.8,0.5,2.7,3.3,6.5,1.5,0.9,0.3,2.4,28.2,7,0
Elfrid Payton,PHX,24,63,13,50,28.7,12.7,5.2,10.6,49.3,0.5,1.5,32.6,1.7,2.7,64.9,1.0,3.3,4.3,6.2,2.7,1.3,0.3,2.3,29.6,8,2
Dillon Brooks,MEM,22,77,21,56,28.6,10.4,4.0,9.1,43.8,1.1,3.1,36.1,1.3,1.7,73.7,0.6,2.5,3.1,1.5,1.5,0.8,0.2,2.9,18.0,0,0
Yogi Ferrell,DAL,24,77,23,54,28.6,10.4,3.9,9.1,42.6,1.6,4.4,37.4,1.0,1.3,79.8,0.3,2.8,3.2,2.4,1.0,0.8,0.1,1.9,19.6,3,0
Tyler Johnson,MIA,25,67,36,31,28.5,11.8,4.3,9.9,43.6,1.7,4.6,37.0,1.5,1.9,81.7,0.4,2.9,3.4,2.3,1.1,0.8,0.4,2.1,22.0,0,0
Rondae Hollis-Jefferson,BKN,23,63,23,40,28.5,14.5,5.3,11.1,47.5,0.2,0.8,25.0,3.8,4.8,78.0,1.6,5.3,6.8,2.4,1.7,0.9,0.7,2.2,29.4,11,0
JR Smith,CLE,32,75,46,29,28.4,8.4,3.0,7.5,40.2,1.8,4.9,37.3,0.5,0.7,69.6,0.4,2.6,3.0,1.8,1.0,0.9,0.1,2.0,16.7,0,0
JaMychal Green,MEM,27,55,11,44,28.0,10.3,4.1,8.9,45.7,0.8,2.3,33.9,1.5,2.0,72.1,2.7,5.8,8.4,1.4,1.4,0.6,0.5,2.8,24.4,16,0
Tyrone Wallace,LAC,23,25,16,9,28.0,9.9,3.6,8.1,45.0,0.4,1.2,32.3,2.2,2.8,78.6,0.7,3.0,3.7,2.3,1.4,0.9,0.5,2.7,20.7,0,0
Derrick Favors,UTA,26,72,42,30,28.0,12.2,5.1,9.0,56.4,0.2,0.7,22.6,1.9,2.9,64.9,2.6,4.5,7.1,1.4,1.2,0.7,1.1,2.1,26.9,14,0
Reggie Bullock,DET,27,61,32,29,27.9,11.2,4.3,8.8,48.9,2.0,4.5,44.2,0.6,0.8,79.2,0.4,2.0,2.5,1.5,0.8,0.8,0.2,1.1,18.7,0,0
PJ Tucker,HOU,32,77,62,15,27.8,6.1,2.1,5.3,39.0,1.4,3.7,37.3,0.6,0.8,71.7,1.1,4.3,5.4,0.9,0.9,1.0,0.3,2.5,17.0,2,0
Kevin Love,CLE,29,55,34,21,27.7,17.5,5.7,12.4,45.5,2.2,5.4,40.1,4.0,4.5,87.9,1.8,7.5,9.3,1.7,1.5,0.7,0.4,2.1,33.0,30,0
Bogdan Bogdanovic,SAC,25,74,24,50,27.7,11.8,4.4,9.7,45.3,1.7,4.1,40.1,1.3,1.6,84.5,0.4,2.5,2.9,3.3,1.6,0.9,0.2,2.2,22.0,0,0
Tony Snell,MIL,26,70,39,31,27.7,7.0,2.5,5.6,44.2,1.5,3.5,41.3,0.5,0.7,80.4,0.1,1.7,1.9,1.3,0.5,0.6,0.3,1.6,13.6,0,0
Willie Cauley-Stein,SAC,24,69,21,48,27.6,12.3,5.1,10.3,49.6,0.0,0.2,25.0,2.1,3.3,62.6,1.8,5.0,6.9,2.3,1.5,1.1,0.9,2.5,28.4,10,0
Clint Capela,HOU,23,70,59,11,27.6,13.9,6.0,9.2,64.8,0.0,0.0,0.0,2.0,3.5,56.3,3.3,7.6,10.9,1.0,1.4,0.8,1.9,2.6,34.9,39,0
Kent Bazemore,ATL,28,65,19,46,27.5,12.9,4.4,10.4,42.0,1.7,4.2,39.4,2.5,3.1,79.6,0.4,3.4,3.8,3.5,2.4,1.5,0.7,2.3,27.0,0,0
Serge Ibaka,TOR,28,71,50,21,27.5,12.5,4.9,10.3,47.9,1.4,3.9,35.1,1.3,1.6,81.4,1.0,5.2,6.2,0.8,1.2,0.4,1.3,2.8,25.0,7,0
Kelly Oubre Jr.,WAS,22,76,42,34,27.5,11.9,4.0,9.7,41.1,1.5,4.5,34.2,2.3,2.8,83.2,0.8,3.8,4.5,1.2,1.1,0.9,0.4,2.9,22.2,0,0
George Hill,CLE,31,65,27,38,27.4,10.1,3.6,7.8,46.0,1.3,3.1,41.6,1.7,2.1,78.3,0.6,2.1,2.7,2.8,1.3,0.9,0.4,2.0,20.1,0,0
De'Aaron Fox,SAC,20,69,22,47,27.4,11.4,4.5,10.8,41.5,0.6,2.0,29.7,1.9,2.6,72.3,0.4,2.2,2.6,4.3,2.3,1.0,0.3,2.2,22.4,3,0
Zach LaVine,CHI,23,24,9,15,27.3,16.7,5.7,14.8,38.3,1.8,5.1,34.1,3.6,4.5,81.3,0.4,3.5,3.9,3.0,1.8,1.0,0.2,2.3,27.6,0,0
Denzel Valentine,CHI,24,77,26,51,27.2,10.2,3.9,9.4,41.7,1.9,4.8,38.6,0.5,0.7,74.5,0.6,4.5,5.1,3.2,1.3,0.8,0.1,2.4,22.7,5,0
Stanley Johnson,DET,21,64,31,33,27.2,8.5,3.0,7.9,37.4,0.9,3.3,27.8,1.6,2.1,78.9,0.5,3.2,3.6,1.5,1.1,1.4,0.2,2.5,18.8,2,0
Rodney Hood,CLE,25,57,27,30,27.1,14.9,5.5,12.8,42.7,2.2,5.8,38.3,1.8,2.0,86.2,0.4,2.4,2.8,1.6,1.2,0.7,0.2,1.7,22.2,0,0
Markieff Morris,WAS,28,68,36,32,27.1,11.5,4.5,9.3,48.6,1.0,2.8,37.2,1.4,1.7,82.5,1.0,4.6,5.6,1.9,1.8,0.8,0.5,3.0,23.3,5,0
Cory Joseph,IND,26,77,46,31,27.1,8.0,3.1,7.4,42.5,0.8,2.3,35.8,0.9,1.2,75.0,0.5,2.8,3.3,3.2,1.0,1.0,0.2,1.7,19.3,1,0
Isaiah Thomas,LAL,29,32,15,17,26.9,15.2,4.9,13.2,37.3,1.7,5.9,29.3,3.7,4.1,89.3,0.5,1.6,2.1,4.8,3.0,0.5,0.1,1.8,23.6,0,0
Julius Randle,LAL,23,76,33,43,26.8,16.3,6.3,11.1,56.3,0.1,0.6,23.3,3.7,5.2,70.6,2.2,5.8,8.0,2.4,2.5,0.5,0.6,3.4,30.4,26,1
Kyle Anderson,SAS,24,69,39,30,26.7,7.9,3.1,5.9,52.7,0.2,0.7,31.4,1.4,2.0,71.5,1.1,4.3,5.4,2.8,1.3,1.5,0.8,1.5,24.2,6,0
James Johnson,MIA,31,69,35,34,26.7,10.8,4.2,8.4,50.6,0.8,2.6,31.5,1.5,2.2,68.9,0.8,4.1,5.0,3.9,1.9,1.0,0.7,2.6,25.6,6,0
Wayne Ellington,MIA,30,72,39,33,26.6,11.1,3.6,9.1,40.1,2.9,7.5,38.9,0.9,1.1,85.5,0.3,2.6,2.9,1.1,0.7,0.7,0.1,1.2,17.6,0,0
Reggie Jackson,DET,27,40,25,15,26.6,14.7,5.6,12.8,43.5,1.2,3.8,31.6,2.4,2.9,81.7,0.7,2.1,2.8,5.1,2.4,0.6,0.1,2.0,25.3,0,0
Andre Roberson,OKC,26,39,24,15,26.6,5.0,2.2,4.2,53.7,0.2,0.9,22.2,0.3,1.0,31.6,1.9,2.8,4.7,1.2,0.8,1.2,0.9,2.3,17.8,0,0
Marcus Morris,BOS,28,50,33,17,26.5,13.6,4.9,11.2,43.5,1.7,4.3,38.7,2.2,2.8,81.2,0.9,4.7,5.5,1.3,1.1,0.6,0.2,1.9,23.8,2,0
Nikola Mirotic,NOP,27,50,29,21,26.5,14.6,5.1,11.9,43.0,2.3,6.3,36.5,2.0,2.5,80.2,1.0,5.9,6.9,1.5,1.1,0.8,0.7,1.9,28.3,9,0
Marquis Teague,MEM,25,2,0,2,26.5,4.0,1.5,5.0,30.0,0.0,0.5,0.0,1.0,2.5,40.0,0.5,1.5,2.0,5.0,1.0,1.0,0.0,1.5,15.9,0,0
Ryan Anderson,HOU,29,65,51,14,26.5,9.5,3.2,7.4,43.2,2.0,5.2,38.8,1.1,1.4,77.4,1.4,3.6,5.1,0.9,0.6,0.4,0.3,1.9,18.4,2,0
Robin Lopez,CHI,30,64,23,41,26.4,11.8,5.3,10.1,53.0,0.1,0.2,28.6,1.1,1.4,75.6,2.1,2.4,4.5,1.9,1.7,0.2,0.8,1.7,21.6,3,0
Jae Crowder,UTA,27,75,48,27,26.4,9.6,3.4,8.2,40.9,1.3,4.1,32.6,1.5,1.8,81.9,0.7,2.7,3.5,1.2,0.9,0.8,0.2,2.3,17.7,0,0
Caris LeVert,BKN,23,67,23,44,26.2,12.2,4.5,10.4,43.7,1.2,3.5,34.5,1.9,2.7,72.1,0.8,3.0,3.7,4.2,2.2,1.1,0.3,2.3,25.1,3,0
Jusuf Nurkic,POR,23,74,47,27,26.2,14.3,6.0,12.0,50.0,0.0,0.1,0.0,2.3,3.5,64.6,2.3,6.4,8.7,1.8,2.3,0.8,1.4,3.1,31.8,23,0
Terrence Ross,ORL,27,22,9,13,26.2,9.0,3.3,8.0,40.7,1.3,3.9,32.9,1.2,1.6,74.3,0.5,2.7,3.2,1.6,1.1,1.2,0.4,2.0,19.0,0,0
Rajon Rondo,NOP,32,60,36,24,26.0,8.2,3.5,7.6,46.5,0.8,2.3,33.6,0.4,0.7,58.1,0.5,3.5,4.0,8.0,2.3,1.0,0.2,1.8,26.2,13,2
Damion Lee,ATL,25,10,2,8,26.0,9.8,3.6,8.7,41.4,1.0,3.7,27.0,1.6,2.1,76.2,0.4,3.7,4.1,1.9,0.8,1.3,0.1,1.2,21.0,0,0
Danny Green,SAS,30,65,38,27,26.0,8.9,3.2,8.2,39.4,1.8,4.7,37.1,0.7,0.8,80.0,0.6,3.0,3.6,1.5,1.0,0.9,1.2,1.7,20.7,0,0
Luc Mbah a Moute,HOU,31,57,49,8,25.9,7.6,2.7,5.6,48.4,1.0,2.9,35.6,1.1,1.6,69.7,0.4,2.8,3.1,0.9,1.2,1.0,0.4,1.7,15.9,0,0
John Henson,MIL,27,71,36,35,25.9,8.7,3.7,6.6,57.0,0.0,0.1,14.3,1.2,2.1,60.3,2.0,4.8,6.8,1.5,1.1,0.5,1.4,2.7,24.0,9,0
Marvin Williams,CHA,31,74,31,43,25.9,9.1,3.2,7.1,44.7,1.5,3.8,39.5,1.3,1.6,82.1,0.9,3.8,4.7,1.1,0.9,0.7,0.4,1.5,19.2,3,0
Enes Kanter,NYK,25,71,27,44,25.8,14.1,5.9,10.0,59.2,0.0,0.0,0.0,2.2,2.6,84.8,3.8,7.1,11.0,1.5,1.7,0.5,0.5,2.6,30.9,39,0
Terry Rozier,BOS,24,76,53,23,25.7,11.5,4.0,10.0,40.2,2.0,5.0,38.9,1.5,1.9,77.2,0.8,3.8,4.6,2.8,0.9,1.0,0.2,1.6,23.9,1,1
D'Angelo Russell,BKN,22,43,13,30,25.7,15.6,5.8,14.1,41.1,1.8,5.6,32.1,2.2,3.0,75.0,0.7,3.3,4.0,5.1,3.0,0.7,0.4,2.0,28.4,4,1
Hassan Whiteside,MIA,28,49,27,22,25.6,14.1,5.8,10.6,54.6,0.0,0.0,100,2.5,3.6,70.1,3.2,8.4,11.6,1.0,1.8,0.8,1.7,2.3,35.0,26,0
Jarrett Jack,NYK,34,58,24,34,25.6,7.6,3.1,7.2,42.5,0.4,1.4,29.6,1.0,1.2,82.9,0.3,2.7,3.1,5.7,1.9,0.6,0.1,1.6,20.0,3,1
Zach Randolph,SAC,36,59,18,41,25.6,14.5,6.1,12.9,47.3,0.9,2.5,34.7,1.4,1.8,78.5,1.6,5.1,6.7,2.2,2.0,0.7,0.2,2.0,26.5,8,0
Evan Turner,POR,29,74,47,27,25.5,8.2,3.3,7.3,44.5,0.5,1.6,32.2,1.2,1.4,84.6,0.4,2.7,3.1,2.2,1.2,0.5,0.4,1.9,16.7,0,0
Andre Iguodala,GSW,34,63,46,17,25.4,6.0,2.3,5.0,46.5,0.5,1.8,29.2,0.9,1.4,63.2,0.8,3.1,3.9,3.3,1.1,0.9,0.6,1.5,18.9,0,0
Marcin Gortat,WAS,34,77,42,35,25.4,8.5,3.6,6.9,52.0,0.0,0.0,0.0,1.4,2.1,67.3,2.2,5.5,7.6,1.9,1.2,0.5,0.8,2.1,23.1,15,0
Patty Mills,SAS,29,77,45,32,25.3,9.9,3.4,8.1,41.3,1.9,4.9,37.5,1.3,1.5,89.3,0.3,1.6,1.9,2.8,1.3,0.7,0.1,1.5,17.4,0,0
Joe Harris,BKN,26,75,25,50,25.3,10.7,3.8,7.9,48.6,1.9,4.5,41.1,1.1,1.3,83.2,0.7,2.7,3.4,1.5,1.2,0.4,0.2,2.0,17.9,2,0
Josh Jackson,PHX,21,75,18,57,25.2,12.8,5.0,11.8,42.0,0.7,2.8,26.1,2.2,3.5,62.5,1.2,3.3,4.5,1.5,1.9,1.0,0.4,2.8,23.0,4,0
Milos Teodosic,LAC,31,45,29,16,25.2,9.5,3.4,8.0,41.9,2.0,5.2,37.9,0.9,1.0,84.8,0.4,2.4,2.8,4.6,2.2,0.5,0.1,2.3,19.6,0,0
Jeremy Lin,BKN,29,1,0,1,25.2,18.0,5.0,12.0,41.7,1.0,2.0,50.0,7.0,7.0,100,0.0,0.0,0.0,4.0,3.0,0.0,0.0,3.0,21.0,0,0
Ish Smith,DET,29,77,37,40,25.2,10.8,4.7,9.8,48.1,0.4,1.1,33.3,1.1,1.5,69.8,0.4,2.4,2.8,4.3,1.3,0.8,0.2,1.7,22.3,1,0
Buddy Hield,SAC,24,76,25,51,25.1,13.5,5.2,11.6,44.6,2.2,5.2,42.9,0.9,1.0,89.7,0.6,3.2,3.8,1.9,1.5,1.0,0.3,1.8,23.2,0,0
Michael Kidd-Gilchrist,CHA,24,70,32,38,25.0,9.3,3.9,7.7,50.3,0.0,0.0,0.0,1.6,2.3,68.3,1.2,3.0,4.2,1.0,0.7,0.7,0.4,2.0,18.5,2,0
Tyson Chandler,PHX,35,46,15,31,25.0,6.5,2.6,4.1,64.7,0.0,0.0,0.0,1.3,2.0,61.7,2.9,6.2,9.1,1.2,1.3,0.3,0.6,2.3,20.7,4,0
Ersan Ilyasova,PHI,30,63,30,33,24.9,10.6,4.0,8.7,45.7,1.3,3.6,35.8,1.4,1.8,78.3,1.6,3.9,5.5,1.2,1.0,0.9,0.4,2.3,21.9,3,0
Garrett Temple,SAC,31,65,23,42,24.8,8.4,3.1,7.3,41.8,1.4,3.5,39.2,0.9,1.2,76.9,0.3,2.0,2.3,1.9,1.2,0.9,0.4,2.1,16.7,0,0
Dragan Bender,PHX,20,78,19,59,24.8,6.2,2.2,5.7,37.5,1.4,3.8,36.2,0.5,0.6,78.3,0.4,3.6,4.1,1.6,1.4,0.3,0.6,2.0,14.8,1,0
Dewayne Dedmon,ATL,28,58,16,42,24.8,9.9,4.0,7.7,52.5,0.8,2.3,35.6,1.0,1.3,78.7,1.7,6.2,7.9,1.4,1.4,0.7,0.8,2.6,24.5,14,0
Jeremy Lamb,CHA,25,76,34,42,24.7,13.1,4.8,10.6,45.4,1.2,3.3,36.4,2.3,2.7,85.9,0.6,3.5,4.2,2.3,1.2,0.8,0.4,1.8,24.0,0,0
Dirk Nowitzki,DAL,39,76,23,53,24.7,12.0,4.5,9.8,45.8,1.8,4.3,41.3,1.3,1.4,90.6,0.3,5.4,5.7,1.6,0.7,0.6,0.6,1.9,23.9,5,0
Domantas Sabonis,IND,21,69,43,26,24.6,11.4,4.5,8.7,51.9,0.2,0.5,36.4,2.2,3.0,73.4,2.3,5.5,7.8,2.1,1.9,0.5,0.4,2.9,24.7,14,0
Justise Winslow,MIA,22,63,30,33,24.4,7.6,2.9,6.9,42.3,0.8,1.9,40.7,0.9,1.5,64.1,0.9,4.5,5.5,2.1,1.1,0.8,0.5,2.1,20.2,2,0
Marco Belinelli,PHI,32,74,33,41,24.1,11.7,4.1,9.3,43.8,1.8,4.7,37.4,1.8,2.0,91.8,0.3,1.5,1.8,1.8,1.1,0.8,0.1,1.1,18.2,0,0
Pau Gasol,SAS,37,72,43,29,23.8,10.3,3.8,8.3,46.0,0.6,1.6,36.6,2.1,2.8,75.4,1.7,6.5,8.2,3.1,1.4,0.3,1.1,1.5,27.4,15,1
D.J. Augustin,ORL,30,69,20,49,23.8,10.2,3.2,7.2,44.9,1.5,3.7,41.6,2.2,2.6,86.6,0.4,1.8,2.2,3.9,1.6,0.7,0.0,1.3,19.3,2,0
Jerryd Bayless,PHI,29,39,21,18,23.7,7.9,2.8,6.7,41.6,1.4,3.7,37.0,0.9,1.1,79.5,0.4,1.7,2.1,1.4,1.2,0.6,0.2,2.3,13.5,0,0
Jordan Clarkson,CLE,25,76,37,39,23.7,14.3,5.4,12.0,45.5,1.4,4.1,35.1,1.9,2.4,79.6,0.7,2.1,2.8,2.8,1.6,0.7,0.1,1.3,22.6,1,0
Andrew Harrison,MEM,23,56,17,39,23.7,9.5,3.2,7.7,42.2,0.8,2.5,33.1,2.2,2.8,78.0,0.4,1.9,2.3,3.2,1.4,0.7,0.5,2.5,19.0,0,0
Darius Miller,NOP,28,77,43,34,23.7,7.8,2.6,5.9,44.5,1.8,4.4,41.8,0.7,0.8,86.9,0.2,1.8,2.0,1.4,0.7,0.3,0.2,2.0,13.1,0,0
Brook Lopez,LAL,30,68,32,36,23.6,13.2,5.1,10.9,46.9,1.5,4.4,34.6,1.5,2.2,68.7,1.0,2.9,4.0,1.8,1.4,0.4,1.4,2.8,24.7,4,0
Kelly Olynyk,MIA,26,71,39,32,23.6,11.5,4.2,8.3,50.2,1.4,3.6,37.8,1.8,2.3,75.9,1.2,4.5,5.7,2.7,1.9,0.8,0.5,3.0,24.4,7,0
John Collins,ATL,20,69,19,50,23.6,10.3,4.2,7.2,58.5,0.2,0.5,32.4,1.8,2.4,74.0,2.4,4.8,7.2,1.2,1.4,0.6,1.1,2.9,24.5,9,0
Xavier Rathan-Mayes,MEM,23,5,0,5,23.6,5.8,2.4,8.4,28.6,0.2,2.8,7.1,0.8,1.8,44.4,0.0,1.0,1.0,3.6,2.2,1.2,0.6,3.6,15.6,0,0
J.J. Barea,DAL,33,67,22,45,23.5,11.7,4.4,10.1,43.6,1.7,4.6,36.4,1.2,1.5,78.4,0.2,2.7,2.9,6.3,2.1,0.5,0.0,1.2,24.3,6,0
Kawhi Leonard,SAS,26,9,5,4,23.3,16.2,5.8,12.3,46.8,1.2,3.9,31.4,3.4,4.2,81.6,0.7,4.0,4.7,2.3,1.8,2.0,1.0,1.0,32.5,0,0
Jeff Green,CLE,31,73,44,29,23.1,10.5,3.7,7.9,46.4,0.6,2.1,28.8,2.6,3.0,86.2,0.8,2.4,3.2,1.3,1.0,0.5,0.4,1.9,18.1,1,0
Frank Kaminsky,CHA,24,75,33,42,23.1,10.9,3.8,8.9,42.7,1.3,3.4,38.2,2.0,2.5,79.1,0.6,3.0,3.6,1.6,0.9,0.5,0.2,1.2,19.0,0,0
T.J. McConnell,PHI,26,70,44,26,23.1,6.4,2.8,5.6,50.0,0.4,0.8,42.4,0.4,0.6,79.5,0.5,2.6,3.1,4.1,1.6,1.2,0.2,1.7,18.9,2,1
Dwyane Wade,MIA,36,63,35,28,23.0,11.6,4.5,10.2,44.4,0.5,1.6,30.4,2.1,2.9,72.4,0.8,3.0,3.8,3.4,2.1,0.9,0.7,1.9,24.1,3,0
David Nwaba,CHI,25,65,25,40,23.0,7.8,2.8,5.6,49.6,0.2,0.7,35.6,2.0,3.0,65.2,1.2,3.3,4.5,1.4,1.0,0.8,0.4,2.2,18.2,2,0
James Ennis III,DET,27,67,23,44,22.9,7.3,2.6,5.4,48.1,0.7,2.1,34.0,1.4,1.7,83.3,1.1,2.2,3.3,1.0,0.8,0.7,0.3,1.9,14.7,1,0
Tyler Ulis,PHX,22,67,18,49,22.8,7.4,2.9,7.5,38.5,0.6,2.0,28.4,1.1,1.3,81.8,0.3,1.4,1.8,4.2,1.7,1.0,0.1,1.7,17.2,3,0
Jarell Martin,MEM,23,72,21,51,22.8,7.6,3.0,6.8,44.1,0.4,1.3,33.3,1.2,1.6,77.2,1.3,3.0,4.3,1.0,1.2,0.5,0.7,2.9,16.8,2,0
Jabari Parker,MIL,23,26,13,13,22.7,11.9,4.8,9.9,48.8,1.0,2.5,38.5,1.2,1.6,76.2,1.0,3.3,4.3,1.9,1.2,0.7,0.4,1.7,22.0,1,0
Cameron Payne,CHI,23,20,6,14,22.6,8.7,3.4,8.2,41.5,1.3,3.6,36.1,0.6,0.7,78.6,0.6,2.0,2.6,4.1,1.4,1.1,0.5,1.8,21.0,1,0
Michael Beasley,NYK,29,70,22,48,22.6,13.3,5.6,11.0,50.8,0.5,1.1,41.0,1.7,2.1,78.0,1.3,4.4,5.7,1.7,2.0,0.5,0.6,2.0,23.7,10,0
Jonas Valanciunas,TOR,25,72,53,19,22.5,12.7,5.0,8.8,56.9,0.4,0.9,42.6,2.3,2.8,80.3,2.4,6.2,8.6,1.1,1.5,0.4,0.9,2.6,27.0,25,0
Bobby Portis,CHI,23,68,24,44,22.5,13.2,5.2,11.1,46.6,1.1,3.1,36.0,1.8,2.3,77.8,2.3,4.5,6.8,1.8,1.3,0.7,0.3,1.8,25.6,12,0
Jerian Grant,CHI,25,69,23,46,22.5,8.1,2.7,6.6,41.3,0.8,2.4,33.7,1.9,2.5,75.3,0.4,1.9,2.4,4.7,1.2,0.8,0.1,1.8,19.6,5,0
Lance Stephenson,IND,27,77,46,31,22.4,9.4,3.8,8.6,43.6,0.8,2.8,29.6,1.0,1.5,67.2,0.7,4.2,5.0,2.8,1.7,0.6,0.2,2.1,20.1,2,0
Joe Johnson,HOU,36,50,32,18,22.3,7.0,2.7,6.7,41.0,0.7,2.7,27.8,0.7,0.8,88.1,0.3,2.9,3.2,1.5,0.9,0.4,0.1,1.2,13.7,0,0
Gerald Green,HOU,32,36,30,6,22.3,11.5,3.9,9.8,39.7,2.6,7.0,36.4,1.2,1.4,82.4,0.4,2.8,3.2,0.6,0.6,0.6,0.4,2.1,18.5,0,0
Tomas Satoransky,WAS,26,68,38,30,22.2,7.1,2.7,5.1,52.3,0.6,1.4,46.8,1.1,1.4,78.1,0.9,2.1,3.0,4.0,1.1,0.7,0.2,1.8,18.4,0,0
Larry Nance Jr.,CLE,25,61,29,32,22.1,9.0,3.8,6.4,59.0,0.0,0.2,16.7,1.4,2.1,65.6,2.5,4.5,7.0,1.3,0.8,1.4,0.6,2.8,24.4,11,0
Doug McDermott,DAL,26,77,29,48,21.9,7.8,2.9,6.2,47.2,1.2,2.6,43.8,0.8,1.0,79.2,0.5,2.0,2.5,1.0,0.7,0.2,0.2,1.5,12.9,0,0
Mario Chalmers,MEM,31,62,20,42,21.8,7.7,2.6,6.8,37.9,0.8,2.9,28.1,1.7,2.0,85.6,0.2,2.2,2.4,3.0,1.8,1.2,0.2,2.8,17.5,1,0
Josh Hart,LAL,23,57,25,32,21.8,6.7,2.4,5.3,45.7,1.1,2.8,38.5,0.8,1.2,66.7,0.6,3.2,3.9,1.2,0.6,0.7,0.2,1.6,15.2,7,0
Kyle Korver,CLE,37,69,40,29,21.8,9.4,3.1,6.8,45.8,2.3,5.3,44.0,0.9,1.0,88.4,0.1,2.1,2.2,1.2,0.7,0.4,0.4,1.7,15.5,0,0
Dante Cunningham,BKN,30,69,32,37,21.5,5.7,2.2,4.9,45.4,0.8,2.3,35.4,0.4,0.7,58.8,1.0,3.0,4.0,0.6,0.4,0.5,0.4,1.6,13.7,1,0
Rudy Gay,SAS,31,52,34,18,21.5,11.3,4.4,9.3,47.0,0.6,2.0,31.4,1.9,2.5,77.5,1.3,3.8,5.1,1.3,1.4,0.8,0.7,1.8,22.2,1,0
Anthony Tolliver,DET,32,74,35,39,21.5,8.3,2.6,5.7,44.6,1.9,4.5,41.5,1.3,1.6,80.8,0.6,2.4,3.0,1.1,0.7,0.4,0.3,1.7,14.8,1,0
Justin Jackson,SAC,23,64,19,45,21.4,6.6,2.7,6.1,44.6,0.8,2.6,30.7,0.4,0.5,70.6,0.4,2.3,2.7,1.0,0.6,0.4,0.2,1.1,12.5,0,0
Maurice Harkless,POR,24,59,36,23,21.4,6.5,2.5,5.0,49.5,0.8,2.0,41.5,0.7,1.0,71.2,0.8,2.0,2.7,0.9,0.7,0.8,0.7,1.7,15.1,0,0
Mario Hezonja,ORL,23,69,18,51,21.4,9.3,3.5,8.0,44.4,1.1,3.4,32.5,1.1,1.3,81.3,0.5,3.0,3.6,1.3,1.1,1.1,0.4,1.7,18.7,2,0
Thabo Sefolosha,UTA,33,38,16,22,21.2,8.2,3.1,6.3,49.2,0.8,2.2,38.1,1.2,1.4,81.5,0.8,3.5,4.2,0.9,0.8,1.4,0.3,1.6,18.9,2,0
Dejounte Murray,SAS,21,76,45,31,21.2,7.8,3.3,7.4,44.3,0.1,0.4,28.1,1.1,1.6,69.5,1.3,4.3,5.6,2.9,1.6,1.1,0.4,1.9,21.7,6,0
Isaiah Canaan,PHX,26,20,9,11,21.1,8.6,2.6,6.9,38.0,1.1,3.3,33.3,2.3,2.6,90.2,0.3,2.0,2.3,3.8,1.5,0.8,0.1,1.8,18.1,0,0
Frank Ntilikina,NYK,19,73,26,47,21.1,5.7,2.2,6.1,35.9,0.6,1.9,31.4,0.7,0.9,72.1,0.4,1.8,2.2,3.1,1.7,0.8,0.2,2.3,14.3,1,0
Marquese Chriss,PHX,20,70,18,52,21.0,7.5,2.8,6.5,42.2,0.8,2.6,29.7,1.2,2.1,58.9,1.0,4.3,5.3,1.2,1.5,0.7,1.0,2.8,19.3,5,0
Dwight Powell,DAL,26,75,22,53,20.9,8.3,3.2,5.3,60.2,0.3,0.9,33.3,1.7,2.3,71.8,1.7,3.8,5.5,1.1,0.8,0.8,0.4,2.4,19.5,4,0
Tristan Thompson,CLE,27,48,24,24,20.9,6.0,2.6,4.5,56.4,0.0,0.0,0.0,0.9,1.6,55.3,2.5,4.4,6.9,0.6,0.7,0.3,0.4,2.0,16.5,3,0
Troy Daniels,PHX,26,77,19,58,20.8,9.1,3.0,7.4,40.6,2.4,5.9,40.0,0.7,0.8,87.5,0.2,1.5,1.6,0.6,0.7,0.3,0.1,1.8,12.4,0,0
Shabazz Napier,POR,26,69,45,24,20.7,8.7,3.0,7.1,42.3,1.1,2.9,37.1,1.6,1.9,84.0,0.3,1.9,2.3,2.1,1.3,1.1,0.2,1.1,17.3,0,0
Skal Labissiere,SAC,22,60,19,41,20.7,8.7,3.4,7.6,44.8,0.3,0.9,35.3,1.6,2.0,80.5,1.7,3.2,4.8,1.2,1.2,0.4,0.8,2.2,18.8,3,0
Jamal Crawford,MIN,38,76,42,34,20.6,10.6,4.0,9.4,42.1,1.4,4.0,33.9,1.3,1.4,90.0,0.2,1.0,1.2,2.3,1.2,0.5,0.1,1.1,16.1,0,0
Delon Wright,TOR,25,63,45,18,20.6,8.0,2.9,6.2,47.1,0.8,2.2,37.5,1.4,1.7,83.0,0.7,2.1,2.7,2.8,1.2,1.0,0.5,1.1,19.1,1,0
Wesley Johnson,LAC,30,69,37,32,20.6,5.6,2.1,5.1,40.5,0.9,2.5,34.7,0.6,0.8,74.5,0.4,2.7,3.1,0.8,0.8,1.1,0.9,2.0,15.5,1,0
Pascal Siakam,TOR,24,75,55,20,20.5,7.4,3.1,6.1,51.2,0.4,1.7,21.4,0.7,1.1,64.6,1.0,3.5,4.5,1.9,0.8,0.8,0.5,2.0,18.6,0,0
Nemanja Bjelica,MIN,29,63,35,28,20.4,7.0,2.6,5.5,47.6,1.2,2.7,42.9,0.6,0.7,80.0,0.7,3.3,4.1,1.3,0.8,0.7,0.2,2.1,15.7,1,0
Jerami Grant,OKC,24,77,45,32,20.4,8.3,3.0,5.7,52.8,0.4,1.4,28.7,1.8,2.8,65.6,1.1,2.9,4.0,0.7,0.7,0.4,0.9,1.9,17.2,2,0
Jameer Nelson,DET,36,50,25,25,20.3,4.9,1.9,4.9,38.9,0.8,2.5,33.1,0.3,0.4,80.0,0.3,1.8,2.1,3.6,1.3,0.5,0.1,1.6,13.3,0,0
Fred VanVleet,TOR,24,71,52,19,20.2,8.8,3.1,7.2,43.1,1.4,3.4,41.4,1.1,1.4,83.3,0.3,2.1,2.5,3.2,1.0,0.9,0.3,1.7,19.1,0,0
Greg Monroe,BOS,27,45,19,26,20.1,9.8,4.2,7.5,55.5,0.0,0.0,0.0,1.5,2.1,71.9,2.2,4.6,6.8,2.0,1.8,0.8,0.4,1.8,22.8,8,0
Bam Adebayo,MIA,20,65,32,33,20.1,7.0,2.6,5.0,51.4,0.0,0.1,0.0,1.9,2.6,70.8,1.7,3.8,5.5,1.5,0.9,0.4,0.6,2.1,18.1,7,0
Quinn Cook,GSW,25,28,19,9,20.0,8.8,3.5,7.1,48.7,1.2,2.9,42.5,0.6,0.7,89.5,0.2,2.0,2.3,2.4,0.9,0.4,0.0,1.6,15.3,0,0
OG Anunoby,TOR,20,68,47,21,20.0,5.8,2.1,4.6,46.2,0.9,2.6,36.0,0.5,0.8,63.2,0.6,1.8,2.3,0.8,0.6,0.7,0.2,1.7,11.8,0,0
Manu Ginobili,SAS,40,61,37,24,19.9,8.7,3.1,7.1,43.3,1.0,2.9,32.8,1.6,2.0,82.6,0.3,1.8,2.1,2.5,1.6,0.7,0.3,1.9,16.2,0,0
Trey Burke,NYK,25,31,8,23,19.9,12.6,5.3,10.3,51.7,1.0,2.7,38.6,0.9,1.4,63.6,0.4,1.5,1.9,4.4,1.1,0.6,0.1,1.2,22.6,3,0
Alex Len,PHX,24,65,18,47,19.9,8.2,2.9,5.2,56.3,0.0,0.0,0.0,2.3,3.3,69.6,2.5,4.9,7.4,1.1,1.1,0.4,0.9,2.3,21.7,10,0
MarShon Brooks,MEM,29,2,1,1,19.9,22.5,7.5,12.5,60.0,3.0,3.5,85.7,4.5,4.5,100,1.0,0.0,1.0,2.0,1.0,1.5,0.5,0.5,31.7,0,0
Jonathan Isaac,ORL,20,27,11,16,19.8,5.4,2.0,5.4,37.9,0.6,1.7,34.8,0.7,0.9,76.0,0.6,3.1,3.7,0.7,1.0,1.2,1.1,1.8,16.8,0,0
Tony Parker,SAS,35,50,30,20,19.8,8.0,3.4,7.3,46.7,0.2,0.7,26.5,1.0,1.5,70.3,0.1,1.7,1.8,3.8,1.3,0.6,0.0,0.9,16.3,0,0
Wayne Selden,MEM,23,35,10,25,19.8,9.3,3.3,7.7,43.1,1.4,3.5,40.2,1.3,1.7,74.6,0.5,1.1,1.6,1.9,1.5,0.5,0.1,1.7,14.5,0,0
Mason Plumlee,DEN,28,69,36,33,19.7,7.1,3.0,5.1,59.6,0.0,0.0,0.0,1.1,2.4,45.0,1.8,3.7,5.5,2.0,1.4,0.7,1.1,2.4,20.6,3,0
Iman Shumpert,SAC,27,14,9,5,19.7,4.4,1.6,4.1,37.9,0.5,1.9,26.9,0.8,1.1,73.3,0.5,2.4,2.9,1.2,1.1,0.6,0.3,1.6,11.4,0,0
Jarrett Allen,BKN,19,67,22,45,19.7,8.2,3.3,5.6,58.6,0.1,0.2,28.6,1.6,2.1,78.4,2.1,3.3,5.4,0.7,1.1,0.4,1.1,2.0,19.0,4,0
Emmanuel Mudiay,NYK,22,62,28,34,19.6,8.9,3.3,8.3,39.3,0.8,2.3,32.4,1.6,2.1,76.0,0.4,2.0,2.4,3.3,1.8,0.7,0.2,1.3,17.4,1,0
Kosta Koufos,SAC,29,71,22,49,19.6,6.7,3.1,5.5,57.1,0.0,0.0,0.0,0.5,1.0,44.6,2.1,4.5,6.6,1.2,0.7,0.7,0.5,2.1,19.2,6,0
Trey Lyles,DEN,22,69,37,32,19.6,10.3,3.8,7.8,49.2,1.2,3.1,38.3,1.5,2.1,69.7,0.8,4.1,4.9,1.3,0.9,0.4,0.5,1.6,20.0,6,0
Ian Clark,NOP,27,71,40,31,19.5,7.4,3.0,6.6,44.5,0.8,2.6,30.8,0.6,0.8,76.3,0.1,1.5,1.7,1.4,0.8,0.4,0.1,1.6,12.3,0,0
Shelvin Mack,ORL,27,63,18,45,19.5,6.7,2.5,5.9,43.0,0.7,2.0,35.0,1.0,1.4,73.6,0.3,2.0,2.3,3.8,1.3,0.8,0.1,1.3,16.7,1,0
Mike Muscala,ATL,26,48,12,36,19.4,7.6,2.7,5.7,47.4,1.1,2.9,39.3,1.1,1.2,91.2,1.1,3.1,4.2,0.9,0.8,0.6,0.5,1.6,16.6,2,0
Aaron Harrison,DAL,23,5,1,4,19.4,4.4,1.4,5.4,25.9,0.4,3.6,11.1,1.2,1.4,85.7,0.2,2.2,2.4,0.8,0.2,0.6,0.4,2.6,11.3,0,0
Luke Kennard,DET,21,68,32,36,19.3,7.1,2.6,6.1,43.4,1.0,2.6,40.0,0.8,0.9,87.3,0.3,1.9,2.2,1.6,0.9,0.6,0.2,1.1,13.6,1,0
Chandler Parsons,MEM,29,36,12,24,19.2,7.9,3.0,6.5,46.2,1.4,3.4,42.1,0.5,0.8,63.0,0.4,2.1,2.5,1.9,1.0,0.5,0.3,1.5,15.2,0,0
Quincy Acy,BKN,27,65,23,42,19.2,5.6,1.8,5.1,34.3,1.4,4.1,33.7,0.7,0.9,82.8,0.6,3.1,3.7,0.8,0.9,0.4,0.4,2.1,12.9,0,0
Frank Mason,SAC,24,50,16,34,19.2,8.1,2.8,7.4,38.4,0.6,1.7,36.1,1.8,2.2,82.0,0.6,1.9,2.5,2.9,1.2,0.7,0.2,1.4,16.8,0,0
Mike James,NOP,27,36,11,25,19.1,9.3,3.4,8.9,38.3,0.7,2.7,26.5,1.8,2.3,76.2,0.4,2.1,2.5,3.5,1.4,0.8,0.2,1.3,19.1,0,0
Bryn Forbes,SAS,24,75,44,31,19.0,6.9,2.6,6.2,41.6,1.1,2.9,38.7,0.6,0.9,64.7,0.1,1.2,1.4,1.0,0.5,0.3,0.0,1.3,10.7,0,0
Cody Zeller,CHA,25,33,14,19,19.0,7.1,2.6,4.7,54.5,0.1,0.1,66.7,1.8,2.6,71.8,2.0,3.3,5.4,0.9,1.0,0.4,0.6,2.5,17.1,1,0
Matthew Dellavedova,MIL,27,37,21,16,19.0,4.4,1.5,4.0,36.9,0.8,2.1,37.7,0.6,0.7,92.0,0.4,1.4,1.7,3.8,1.3,0.4,0.0,1.8,12.0,0,0
Devin Harris,DEN,35,66,29,37,19.0,8.3,2.6,6.3,41.1,1.1,3.1,34.3,2.1,2.5,84.0,0.2,1.6,1.8,2.1,1.1,0.7,0.2,2.3,15.2,0,0
CJ Miles,TOR,31,64,46,18,19.0,10.1,3.3,8.5,38.5,2.4,6.5,36.9,1.1,1.3,83.7,0.3,1.9,2.1,0.7,0.5,0.6,0.3,1.9,15.8,0,0
Ed Davis,POR,28,76,47,29,18.9,5.4,2.2,3.8,58.5,0.0,0.0,0.0,1.0,1.5,66.7,2.4,5.0,7.4,0.5,0.8,0.4,0.7,2.4,17.5,6,0
Malcolm Delaney,ATL,29,54,16,38,18.8,6.3,2.0,5.3,38.2,0.9,2.3,37.1,1.4,1.7,80.4,0.2,1.7,1.9,3.0,1.2,0.6,0.1,1.5,14.1,0,0
Jordan Crawford,NOP,29,2,0,2,18.7,9.0,3.5,7.0,50.0,2.0,2.5,80.0,0.0,0.0,0.0,1.0,0.5,1.5,4.5,2.0,0.0,0.5,3.0,17.1,0,0
C.J. Williams,LAC,28,33,16,17,18.6,5.7,2.3,5.1,45.2,0.7,2.1,31.4,0.4,0.5,81.3,0.3,1.1,1.4,1.0,0.6,0.8,0.4,1.8,11.9,0,0
Myke Henry,MEM,25,15,2,13,18.6,5.4,2.0,5.2,38.5,1.0,2.9,34.9,0.4,0.7,60.0,0.5,1.2,1.7,1.1,0.9,1.4,0.3,1.4,13.3,0,0
Lance Thomas,NYK,29,69,24,45,18.5,4.0,1.4,3.6,38.4,0.7,1.7,40.9,0.6,0.7,83.7,0.6,1.7,2.3,0.6,0.6,0.4,0.2,1.8,9.0,0,0
Ben McLemore,MEM,25,51,6,45,18.5,7.1,2.6,6.3,41.8,0.9,2.7,35.3,0.8,1.0,82.4,0.6,1.8,2.4,0.9,1.1,0.7,0.3,2.5,13.0,0,0
Bismack Biyombo,ORL,25,76,22,54,18.4,5.5,2.1,4.2,51.3,0.0,0.0,0.0,1.2,1.9,65.7,1.7,3.9,5.7,0.8,1.0,0.2,1.2,1.9,16.7,6,0
Kobi Simmons,MEM,20,27,5,22,18.4,5.2,2.2,5.3,42.3,0.2,0.9,20.8,0.6,0.6,100,0.5,1.1,1.6,1.9,1.2,0.7,0.2,1.8,11.3,0,0
Jakob Poeltl,TOR,22,76,55,21,18.4,6.6,2.9,4.6,63.8,0.0,0.0,50.0,0.7,1.2,58.5,2.0,2.7,4.7,0.7,1.0,0.4,1.3,2.6,17.5,3,0
Pat Connaughton,POR,25,77,48,29,18.3,5.4,2.0,4.9,41.5,0.9,2.6,35.0,0.5,0.6,83.7,0.4,1.5,1.9,1.2,0.5,0.3,0.3,1.5,10.7,0,0
Jamil Wilson,LAC,27,15,6,9,18.3,7.0,2.5,5.4,46.9,1.8,4.2,42.9,0.1,0.3,50.0,0.2,1.9,2.1,0.7,0.5,0.3,0.5,2.3,12.6,0,0
Mike Scott,WAS,29,71,38,33,18.2,8.7,3.6,6.8,53.0,0.9,2.1,41.1,0.6,0.9,68.2,0.6,2.6,3.2,1.0,1.1,0.3,0.1,1.9,14.3,0,0
Aron Baynes,BOS,31,75,52,23,18.2,5.8,2.5,5.3,47.5,0.0,0.2,14.3,0.8,1.0,75.0,1.5,3.8,5.3,1.1,1.0,0.2,0.6,2.5,15.4,3,0
Dorian Finney-Smith,DAL,24,17,4,13,18.2,4.1,1.5,4.1,36.2,0.7,2.6,27.3,0.5,0.6,72.7,0.8,2.1,2.9,0.9,0.9,0.4,0.2,1.9,10.0,0,0
Tyus Jones,MIN,21,78,44,34,18.0,5.1,1.8,4.0,46.2,0.5,1.5,34.5,0.9,1.0,89.6,0.2,1.4,1.7,2.8,0.7,1.2,0.1,1.3,14.2,0,0
Vince Carter,SAC,41,54,18,36,17.6,5.3,2.0,4.9,40.0,1.0,2.9,34.4,0.4,0.6,71.9,0.3,2.2,2.5,1.1,0.6,0.8,0.5,1.7,13.1,0,0
Kyle O'Quinn,NYK,28,72,26,46,17.5,6.9,2.8,4.7,59.1,0.0,0.2,8.3,1.3,1.6,77.1,1.4,4.4,5.8,2.0,1.3,0.5,1.2,2.5,20.5,5,0
Derrick Rose,MIN,29,21,12,9,17.4,9.0,3.5,7.9,44.2,0.3,1.3,22.2,1.8,2.1,86.4,0.6,1.0,1.6,1.6,1.5,0.2,0.2,0.7,13.1,0,0
Markelle Fultz,PHI,19,8,5,3,17.4,6.4,2.6,7.3,36.2,0.0,0.0,0.0,1.1,2.0,56.3,0.9,1.6,2.5,3.3,1.0,0.8,0.3,1.5,16.3,0,0
Josh Gray,PHX,24,5,0,5,17.3,6.4,2.2,8.2,26.8,0.6,2.6,23.1,1.4,2.2,63.6,0.4,1.6,2.0,2.4,1.4,1.6,0.4,1.6,17.0,0,0
DeAndre' Bembry,ATL,23,22,6,16,17.2,4.9,1.9,4.7,40.4,0.4,1.1,32.0,0.7,1.1,60.0,0.4,2.3,2.7,1.5,1.8,0.6,0.5,1.6,11.8,0,0
Gorgui Dieng,MIN,28,75,42,33,17.1,5.9,2.3,4.9,47.6,0.2,0.7,27.8,1.0,1.3,77.6,1.3,3.2,4.5,0.9,0.8,0.6,0.5,1.8,15.2,2,0
Nick Young,GSW,32,75,54,21,17.1,7.3,2.6,6.2,41.5,1.6,4.1,37.7,0.7,0.8,84.5,0.3,1.2,1.5,0.5,0.5,0.5,0.1,1.2,11.0,0,0
Jon Leuer,DET,28,8,5,3,17.1,5.4,1.9,4.5,41.7,0.0,0.4,0.0,1.6,1.9,86.7,0.9,3.1,4.0,0.6,0.9,0.1,0.4,2.0,11.7,0,0
Thon Maker,MIL,21,71,38,33,17.0,4.9,1.8,4.3,41.7,0.4,1.4,30.0,0.9,1.3,68.9,1.0,2.1,3.1,0.6,0.6,0.5,0.7,2.2,12.8,0,0
Trevor Booker,IND,30,63,34,29,17.0,6.2,2.6,5.0,51.9,0.1,0.4,28.6,0.9,1.3,69.4,1.7,3.0,4.6,1.2,0.9,0.4,0.3,1.8,14.8,4,0
Rodney McGruder,MIA,26,14,9,5,16.9,4.9,2.0,4.1,48.3,0.8,1.9,40.7,0.1,0.3,50.0,0.6,1.2,1.8,0.8,0.2,0.5,0.1,1.1,10.0,0,0
Patrick McCaw,GSW,22,57,41,16,16.9,4.0,1.6,3.9,40.9,0.3,1.4,23.8,0.5,0.6,76.5,0.3,1.2,1.4,1.4,0.7,0.8,0.2,1.2,9.9,0,0
Alan Williams,PHX,25,4,0,4,16.8,5.0,1.8,4.5,38.9,0.0,0.0,0.0,1.5,2.3,66.7,0.8,4.5,5.3,2.0,1.5,1.3,0.3,2.8,17.3,0,0
Raymond Felton,OKC,33,78,45,33,16.8,7.0,2.8,6.8,41.0,1.0,2.8,34.9,0.4,0.6,81.4,0.3,1.6,1.9,2.6,0.9,0.6,0.2,1.1,14.7,0,0
Torrey Craig,DEN,27,34,18,16,16.7,4.7,1.8,3.8,47.3,0.5,1.5,32.7,0.6,1.0,62.9,1.1,2.4,3.4,0.6,0.5,0.3,0.3,1.6,11.0,0,0
Treveon Graham,CHA,24,63,28,35,16.7,4.3,1.5,3.5,43.4,0.6,1.5,41.2,0.7,0.9,69.5,0.7,1.3,1.9,0.9,0.4,0.5,0.0,1.7,9.3,0,0
Miles Plumlee,ATL,29,50,17,33,16.7,4.5,2.0,3.4,58.8,0.0,0.0,0.0,0.5,1.0,44.2,1.4,2.7,4.2,0.8,1.2,0.3,0.6,1.4,12.2,1,0
Cristiano Felicio,CHI,25,50,12,38,16.6,5.2,2.2,3.7,59.6,0.0,0.0,0.0,0.8,1.3,64.6,1.4,2.5,3.9,0.9,0.9,0.2,0.2,1.8,11.6,2,0
Alec Burks,UTA,26,62,35,27,16.6,7.7,2.6,6.5,41.0,0.7,2.2,32.1,1.7,2.0,86.3,0.3,2.7,3.0,1.0,0.9,0.6,0.1,1.2,14.1,0,0
Maxi Kleber,DAL,26,67,19,48,16.6,5.0,2.0,4.2,46.8,0.5,1.7,28.3,0.6,0.9,75.4,1.0,2.1,3.0,0.7,0.4,0.4,0.6,1.6,12.3,0,0
Isaiah Taylor,ATL,23,62,16,46,16.6,6.4,2.3,5.4,42.8,0.3,1.1,25.8,1.5,2.2,70.1,0.3,1.0,1.4,2.9,1.2,0.5,0.2,1.7,13.2,0,0
Antonio Blakeney,CHI,21,19,3,16,16.5,7.9,2.8,7.5,37.1,0.8,2.7,28.8,1.6,2.1,76.9,0.2,1.5,1.7,1.1,0.6,0.4,0.1,1.0,12.3,0,0
Tyler Zeller,MIL,28,61,24,37,16.5,6.6,2.8,5.1,54.5,0.2,0.5,35.7,0.9,1.3,71.4,1.6,2.9,4.5,0.7,0.7,0.2,0.5,1.9,14.8,0,0
Jaylen Morris,ATL,22,6,2,4,16.4,4.7,2.2,5.2,41.9,0.3,1.5,22.2,0.0,0.0,0.0,0.3,2.3,2.7,1.2,1.0,0.3,0.2,0.3,10.1,0,0
Montrezl Harrell,LAC,24,71,38,33,16.4,10.7,4.4,6.9,64.0,0.0,0.1,20.0,1.9,2.9,64.7,1.4,2.6,3.9,0.9,0.9,0.4,0.7,1.8,19.1,0,0
Noah Vonleh,CHI,22,53,23,30,16.4,5.0,2.0,4.4,44.8,0.4,1.2,30.8,0.7,1.1,64.3,1.3,4.5,5.8,0.6,0.6,0.4,0.3,1.3,14.4,3,0
Tyler Dorsey,ATL,22,51,13,38,16.3,6.4,2.3,6.3,36.4,1.1,3.4,33.9,0.6,0.9,68.8,0.3,1.9,2.2,1.4,0.7,0.3,0.1,1.1,11.5,0,0
Jawun Evans,LAC,21,48,24,24,16.2,4.8,1.9,5.3,35.2,0.3,1.1,27.8,0.8,1.0,77.6,0.2,1.6,1.8,2.1,0.9,0.8,0.1,2.0,11.7,0,0
Royce O'Neale,UTA,24,64,39,25,16.2,4.8,1.7,4.0,41.1,0.6,1.7,33.6,0.9,1.1,81.4,0.4,2.9,3.3,1.4,0.8,0.6,0.2,1.5,12.3,1,0
Jason Terry,MIL,40,46,24,22,16.2,3.2,1.2,3.0,38.7,0.8,2.2,34.3,0.2,0.2,88.9,0.1,0.9,1.0,1.2,0.5,0.8,0.3,1.0,8.9,0,0
Corey Brewer,OKC,32,68,29,39,16.1,5.0,1.9,4.1,45.4,0.4,1.4,28.3,0.9,1.2,72.6,0.5,1.5,2.0,0.9,0.7,1.0,0.2,1.9,11.7,0,0
Michael Carter-Williams,CHA,26,52,23,29,16.1,4.6,1.5,4.4,33.2,0.3,1.1,23.7,1.4,1.7,82.0,0.7,1.9,2.7,2.2,1.0,0.8,0.4,1.9,14.0,0,0
Jose Calderon,CLE,36,54,31,23,16.0,4.3,1.6,3.1,50.3,0.8,1.6,46.6,0.4,0.5,78.6,0.2,1.2,1.4,2.1,0.7,0.5,0.0,1.4,9.8,0,0
Mirza Teletovic,MIL,32,10,4,6,15.9,7.1,2.5,5.7,43.9,2.1,4.5,46.7,0.0,0.0,0.0,0.3,2.0,2.3,1.0,0.7,0.4,0.1,1.4,12.2,0,0
Shaun Livingston,GSW,32,68,48,20,15.9,5.5,2.4,4.8,50.9,0.0,0.1,0.0,0.7,0.8,80.7,0.5,1.4,1.8,1.9,0.8,0.5,0.3,1.7,12.2,0,0
Nerlens Noel,DAL,23,30,6,24,15.7,4.4,1.8,3.5,52.4,0.0,0.0,0.0,0.7,0.9,75.0,1.6,4.0,5.6,0.7,0.9,1.0,0.7,2.0,16.5,2,0
Patrick Patterson,OKC,29,78,45,33,15.7,3.9,1.3,3.3,39.7,0.8,2.1,38.7,0.5,0.6,86.0,0.4,2.0,2.4,0.7,0.4,0.6,0.3,1.1,10.0,0,0
Zach Collins,POR,20,61,40,21,15.7,4.5,1.8,4.3,40.8,0.6,1.7,33.3,0.4,0.7,65.0,0.7,2.6,3.3,0.8,0.9,0.3,0.5,2.0,11.1,0,0
Timothe Luwawu-Cabarrot,PHI,22,52,29,23,15.5,5.8,1.9,5.1,37.5,1.0,3.0,33.5,0.9,1.1,79.3,0.3,1.1,1.4,1.0,0.7,0.2,0.1,1.9,9.2,0,0
Norman Powell,TOR,24,64,47,17,15.5,5.6,2.2,5.4,40.5,0.8,2.6,29.3,0.5,0.6,82.1,0.2,1.4,1.6,1.3,1.0,0.5,0.2,1.7,10.8,0,0
Rodney Purvis,ORL,24,10,2,8,15.4,5.1,1.8,4.9,36.7,0.8,3.0,26.7,0.7,0.7,100,0.0,1.0,1.0,0.6,0.6,0.3,0.2,1.4,8.1,0,0
Amir Johnson,PHI,30,68,41,27,15.4,4.3,1.8,3.3,53.1,0.1,0.4,28.6,0.7,1.2,59.5,1.6,2.7,4.3,1.4,0.8,0.6,0.6,2.6,14.6,1,0
Jonas Jerebko,UTA,31,69,41,28,15.3,5.7,2.1,4.7,45.5,0.9,2.1,40.7,0.6,0.8,80.0,0.7,2.7,3.4,0.6,0.3,0.3,0.1,1.7,11.8,0,0
Sindarius Thornwell,LAC,23,68,35,33,15.3,3.6,1.3,3.0,42.6,0.3,0.8,33.3,0.8,1.1,68.8,0.4,1.4,1.9,0.8,0.6,0.6,0.3,1.6,9.3,0,0
Paul Zipser,CHI,24,54,17,37,15.3,4.0,1.5,4.3,34.6,0.7,2.0,33.6,0.4,0.5,73.1,0.2,2.2,2.4,0.9,0.8,0.4,0.3,1.6,9.4,0,0
Wes Iwundu,ORL,23,56,15,41,15.1,3.4,1.4,3.2,43.3,0.1,0.6,20.0,0.5,0.6,77.8,0.5,1.6,2.1,0.9,0.4,0.5,0.2,1.2,9.0,0,0
Semi Ojeleye,BOS,23,67,48,19,15.1,2.4,0.8,2.4,31.7,0.5,1.7,30.4,0.3,0.6,59.0,0.5,1.5,2.0,0.3,0.3,0.3,0.0,1.2,5.8,0,0
Alex Abrines,OKC,24,72,40,32,15.0,4.7,1.5,3.8,39.7,1.1,2.9,38.8,0.5,0.6,85.4,0.3,1.2,1.5,0.4,0.3,0.5,0.1,1.6,8.5,0,0
Ian Mahinmi,WAS,31,73,41,32,14.9,4.9,1.8,3.2,57.0,0.0,0.0,0.0,1.2,1.7,71.0,1.8,2.2,4.0,0.7,1.3,0.5,0.5,3.0,12.7,1,0
Ramon Sessions,WAS,31,26,9,17,14.9,5.1,1.6,4.5,35.3,0.3,1.0,30.8,1.7,2.2,76.8,0.2,1.2,1.5,2.9,1.2,0.5,0.1,1.1,11.9,0,0
Daniel Theis,BOS,25,63,44,19,14.9,5.3,2.0,3.7,54.1,0.3,0.9,31.0,1.0,1.3,75.3,1.4,2.9,4.3,0.9,0.9,0.5,0.8,2.5,14.6,2,0
Richaun Holmes,PHI,24,42,24,18,14.8,5.9,2.5,4.8,52.5,0.1,0.7,12.9,0.8,1.1,66.7,1.2,3.2,4.4,1.2,0.5,0.4,0.5,2.0,15.1,1,0
Dante Exum,UTA,22,9,6,3,14.8,8.9,3.2,5.6,58.0,0.4,1.1,40.0,2.0,2.2,90.0,0.2,1.6,1.8,2.8,1.2,0.6,0.1,1.1,16.0,0,0
Solomon Hill,NOP,27,7,3,4,14.8,3.7,1.4,3.7,38.5,0.6,2.0,28.6,0.3,0.6,50.0,0.3,1.7,2.0,2.3,0.3,0.4,0.0,1.3,10.5,0,0
Jodie Meeks,WAS,30,73,41,32,14.8,6.3,2.0,5.1,39.5,0.9,2.7,33.0,1.4,1.5,87.6,0.2,1.4,1.6,0.9,0.5,0.4,0.1,0.7,10.5,0,0
Dwight Buycks,DET,29,29,10,19,14.7,7.4,2.8,6.8,41.4,0.5,1.6,33.3,1.2,1.4,87.8,0.4,1.0,1.4,2.0,1.3,0.7,0.1,1.3,13.0,0,0
Emeka Okafor,NOP,35,23,13,10,14.7,4.7,2.0,4.0,49.5,0.0,0.0,0.0,0.7,0.9,81.0,2.0,2.9,4.9,0.3,0.5,0.3,1.1,1.3,14.6,0,0
Josh Huestis,OKC,26,66,41,25,14.7,2.3,0.9,2.7,33.0,0.5,1.7,28.3,0.1,0.3,27.8,0.6,1.8,2.4,0.3,0.4,0.2,0.7,1.2,8.0,0,0
Luke Kornet,NYK,22,15,4,11,14.7,5.2,1.9,5.7,33.7,1.1,3.9,28.8,0.2,0.3,75.0,0.7,2.4,3.1,1.1,0.3,0.3,0.7,0.9,13.5,1,0
Nene,HOU,35,49,40,9,14.6,6.7,2.7,4.7,58.3,0.0,0.0,0.0,1.3,2.0,65.6,1.0,2.4,3.4,0.9,0.8,0.5,0.3,2.4,13.8,0,0
Troy Williams,NYK,23,21,7,14,14.6,6.3,2.4,5.2,46.8,0.5,1.8,28.9,1.0,1.4,66.7,1.0,2.0,3.0,0.8,0.9,1.0,0.2,1.6,13.6,0,0
JaKarr Sampson,SAC,25,19,4,15,14.6,3.9,1.6,3.2,51.7,0.3,0.5,55.6,0.4,0.7,61.5,0.9,2.3,3.2,0.5,0.4,0.4,1.0,2.2,12.4,0,0
Davis Bertans,SAS,25,73,41,32,14.6,6.1,2.1,4.9,43.6,1.3,3.4,37.2,0.5,0.7,81.6,0.2,1.8,2.1,1.0,0.5,0.4,0.4,1.2,11.8,0,0
Jordan Bell,GSW,23,52,41,11,14.5,4.8,2.1,3.3,63.6,0.0,0.1,0.0,0.6,0.8,69.0,1.1,2.7,3.8,1.9,0.9,0.7,1.0,1.7,16.3,1,0
Tim Frazier,WAS,27,55,30,25,14.5,3.0,1.2,2.9,39.5,0.3,1.0,29.1,0.4,0.5,76.7,0.3,1.6,1.9,3.4,1.0,0.8,0.1,1.7,12.1,0,0
Langston Galloway,DET,26,54,26,28,14.5,6.0,2.1,5.6,37.8,1.3,3.6,34.5,0.5,0.6,79.4,0.2,1.3,1.5,1.0,0.3,0.6,0.1,0.7,11.0,0,0
Kenneth Faried,DEN,28,32,16,16,14.4,5.9,2.4,4.6,51.4,0.0,0.0,0.0,1.1,1.6,70.6,2.1,2.7,4.8,0.6,0.7,0.4,0.4,1.6,14.1,3,0
Deyonta Davis,MEM,21,57,15,42,14.4,5.5,2.4,4.0,61.2,0.0,0.0,0.0,0.6,0.9,68.5,1.1,2.6,3.8,0.6,0.5,0.2,0.6,2.0,13.0,1,0
Sterling Brown,MIL,23,50,24,26,14.3,4.1,1.6,3.8,41.3,0.6,1.7,36.1,0.4,0.5,87.5,0.5,2.1,2.6,0.4,0.5,0.6,0.2,1.4,10.0,0,0
Alex Caruso,LAL,24,31,14,17,14.3,3.0,1.2,2.7,42.4,0.2,1.0,23.3,0.5,0.7,68.2,0.3,1.2,1.5,1.9,1.0,0.6,0.3,1.3,9.3,0,0
Andrew White III,ATL,24,14,1,13,14.2,4.9,1.8,4.9,36.2,1.3,3.2,40.0,0.1,0.3,25.0,0.3,2.0,2.3,0.4,0.5,0.2,0.1,0.8,8.6,0,0
Luke Babbitt,MIA,28,48,14,34,14.2,5.3,1.9,4.3,43.9,1.2,3.0,40.4,0.4,0.5,77.3,0.1,1.8,1.9,0.6,0.4,0.2,0.1,1.1,9.1,0,0
Zaza Pachulia,GSW,34,65,45,20,14.2,5.5,2.2,3.9,56.7,0.0,0.0,0.0,1.1,1.3,80.5,1.3,3.4,4.7,1.6,1.1,0.6,0.2,1.8,14.9,2,0
Brandon Jennings,MIL,28,11,6,5,14.2,5.0,1.7,4.5,38.0,0.7,2.4,30.8,0.8,0.8,100,0.3,1.6,1.9,3.0,1.1,0.5,0.4,0.8,13.2,1,0
Shaquille Harrison,PHX,24,19,1,18,14.1,5.6,2.1,4.6,44.3,0.3,1.1,23.8,1.3,1.7,75.0,0.4,2.3,2.7,1.7,0.7,1.0,0.3,1.9,14.7,0,0
Omri Casspi,GSW,29,53,40,13,14.0,5.7,2.3,3.9,58.0,0.2,0.4,45.5,0.9,1.3,72.5,0.6,3.2,3.8,1.0,0.7,0.3,0.4,1.3,13.0,3,0
Jared Dudley,PHX,32,45,6,39,13.9,3.0,0.9,2.4,38.2,0.6,1.7,37.3,0.5,0.6,82.8,0.2,1.7,1.9,1.6,0.6,0.5,0.2,1.7,9.2,0,0
Kyle Collinsworth,DAL,26,27,8,19,13.8,2.7,1.0,2.5,38.2,0.1,0.5,30.8,0.6,1.2,50.0,0.9,2.1,3.1,1.4,0.7,0.6,0.2,1.3,10.1,0,0
Justin Anderson,PHI,24,34,23,11,13.7,5.9,2.2,5.2,41.8,0.8,2.6,31.8,0.7,0.9,71.9,0.6,1.7,2.4,0.7,0.4,0.4,0.1,1.5,10.9,0,0
Shane Larkin,BOS,25,50,37,13,13.7,4.2,1.5,3.9,39.2,0.6,1.5,38.7,0.6,0.7,90.9,0.2,1.3,1.5,1.5,0.6,0.5,0.0,1.0,9.4,0,0
David West,GSW,37,68,50,18,13.7,7.0,3.0,5.3,57.7,0.0,0.1,37.5,0.9,1.1,76.3,0.9,2.4,3.3,1.9,1.1,0.6,1.0,1.6,17.6,0,0
Brandan Wright,HOU,30,28,11,17,13.6,5.0,2.1,3.6,57.8,0.0,0.0,0.0,0.8,1.2,63.6,1.2,2.2,3.4,0.5,0.3,0.5,0.9,1.1,13.6,0,0
Al Jefferson,IND,33,34,17,17,13.6,6.9,3.1,5.8,53.1,0.0,0.0,0.0,0.8,0.9,81.3,0.9,3.1,3.9,0.9,0.6,0.5,0.7,1.9,15.7,1,0
Dwayne Bacon,CHA,22,53,25,28,13.5,3.3,1.4,3.6,37.5,0.2,0.8,25.6,0.4,0.5,80.0,0.1,2.3,2.3,0.7,0.4,0.3,0.0,0.9,7.8,0,0
Danuel House,PHX,24,19,4,15,13.4,5.0,1.7,4.3,40.7,0.5,2.0,26.3,1.0,1.2,86.4,0.6,2.1,2.7,0.6,0.3,0.3,0.2,0.8,10.4,0,0
Tyler Cavanaugh,ATL,24,38,11,27,13.4,4.7,1.7,3.8,44.8,0.8,2.3,36.0,0.4,0.6,81.0,1.1,2.1,3.2,0.7,0.4,0.2,0.1,1.6,10.3,0,0
Ekpe Udoh,UTA,30,59,33,26,13.3,2.7,1.0,1.9,50.4,0.0,0.0,0.0,0.7,0.9,75.0,1.1,1.3,2.4,0.9,0.3,0.7,1.2,1.7,12.3,0,0
Ron Baker,NYK,25,29,12,17,13.3,2.4,0.7,2.0,33.9,0.4,1.1,33.3,0.7,0.9,74.1,0.2,0.9,1.0,1.6,0.6,0.9,0.2,1.1,8.8,0,0
Okaro White,CLE,25,6,2,4,13.3,3.3,1.2,2.7,43.8,0.7,1.8,36.4,0.3,0.5,66.7,0.5,1.3,1.8,0.3,0.2,0.2,0.2,1.0,6.9,0,0
Travis Wear,LAL,27,13,6,7,13.3,5.2,1.7,4.4,38.6,1.2,3.2,39.0,0.6,0.6,100,0.0,2.3,2.3,0.3,0.3,0.2,0.3,1.8,9.8,0,0
Kevon Looney,GSW,22,62,44,18,13.2,3.8,1.5,2.7,56.9,0.0,0.1,25.0,0.7,1.2,55.3,1.2,2.0,3.1,0.6,0.5,0.5,0.8,1.5,11.9,0,0
Briante Weber,MEM,25,18,8,10,13.1,2.8,1.1,2.4,44.2,0.2,0.6,36.4,0.4,0.6,80.0,0.4,1.5,1.9,1.2,0.8,1.0,0.3,1.6,9.9,0,0
Luol Deng,LAL,32,1,0,1,13.1,2.0,1.0,2.0,50.0,0.0,0.0,0.0,0.0,0.0,0.0,0.0,0.0,0.0,1.0,1.0,1.0,0.0,0.0,5.5,0,0
DeAndre Liggins,NOP,30,54,30,24,13.1,1.9,0.7,1.9,39.6,0.4,1.0,36.5,0.0,0.1,40.0,0.1,1.3,1.4,0.8,0.4,0.7,0.3,1.5,7.3,0,0
Glenn Robinson III,IND,24,18,12,6,13.0,3.1,1.2,3.2,37.9,0.3,1.1,26.3,0.3,0.4,85.7,0.4,1.0,1.4,0.7,0.1,0.6,0.1,0.6,7.7,0,0
Marreese Speights,ORL,30,50,14,36,12.9,7.8,2.6,6.7,39.4,1.7,4.5,37.0,0.8,1.1,75.5,0.4,2.2,2.6,0.7,0.7,0.1,0.4,2.0,12.9,1,0
Derrick Jones Jr.,MIA,21,18,8,10,12.9,2.8,1.0,2.6,38.3,0.1,0.9,12.5,0.7,1.1,65.0,1.1,0.8,1.9,0.4,0.3,0.2,0.7,1.3,8.3,0,0
Arron Afflalo,ORL,32,51,15,36,12.9,3.3,1.2,3.0,39.2,0.5,1.3,38.5,0.4,0.5,84.6,0.1,1.2,1.3,0.6,0.4,0.1,0.2,1.1,6.0,0,0
Malik Monk,CHA,20,59,24,35,12.8,5.7,2.1,6.2,33.9,1.2,3.5,33.0,0.4,0.5,77.8,0.1,0.9,1.1,1.3,0.7,0.3,0.1,0.9,9.3,0,0
Jamel Artis,ORL,25,9,1,8,12.6,2.3,0.9,3.0,29.6,0.2,1.1,20.0,0.3,0.6,60.0,0.2,1.6,1.8,1.2,0.1,0.0,0.1,0.6,6.5,0,0
Jordan Mickey,MIA,23,22,14,8,12.6,4.0,1.7,3.5,47.4,0.0,0.6,7.1,0.5,0.8,66.7,0.8,2.8,3.6,0.4,0.8,0.3,0.5,1.6,10.3,0,0
Channing Frye,LAL,34,48,27,21,12.5,4.6,1.8,3.7,49.2,0.7,2.0,33.0,0.3,0.3,93.3,0.2,2.3,2.5,0.6,0.4,0.4,0.3,1.3,10.2,0,0
Jahlil Okafor,BKN,22,27,7,20,12.5,6.0,2.6,4.8,54.3,0.0,0.1,0.0,0.8,1.1,72.4,0.7,2.2,3.0,0.4,0.8,0.1,0.6,1.9,11.6,0,0
Malachi Richardson,TOR,22,26,8,18,12.4,3.4,1.2,3.5,33.3,0.5,1.5,30.0,0.7,0.8,77.3,0.2,1.1,1.3,0.5,0.4,0.4,0.0,1.0,6.6,0,0
Tony Allen,NOP,36,22,12,10,12.4,4.7,2.0,4.1,48.4,0.2,0.5,33.3,0.5,1.0,52.4,0.9,1.2,2.1,0.4,0.9,0.5,0.1,2.2,8.9,0,0
Terrance Ferguson,OKC,19,59,35,24,12.3,2.9,1.1,2.7,40.9,0.6,1.9,31.8,0.2,0.2,90.0,0.3,0.4,0.7,0.3,0.2,0.4,0.2,1.3,5.8,0,0
Raul Neto,UTA,25,39,27,12,12.3,4.6,1.7,3.8,45.6,0.5,1.2,41.3,0.7,0.8,78.8,0.2,1.0,1.2,1.8,0.8,0.3,0.1,0.9,9.1,0,0
Nik Stauskas,BKN,24,36,11,25,12.2,4.0,1.3,3.4,38.5,0.9,2.3,41.0,0.5,0.6,77.3,0.1,1.4,1.5,0.8,0.6,0.2,0.1,0.5,7.4,0,0
Timofey Mozgov,BKN,31,28,10,18,12.1,4.0,1.6,3.0,52.9,0.1,0.6,22.2,0.7,0.9,76.0,1.0,2.1,3.1,0.3,1.1,0.2,0.4,1.3,8.8,0,0
Ivan Rabb,MEM,21,31,5,26,12.1,4.5,2.0,3.4,58.1,0.0,0.0,0.0,0.5,0.7,77.3,1.3,2.5,3.7,0.7,0.9,0.3,0.2,1.3,10.6,1,0
Khem Birch,ORL,25,36,11,25,12.0,3.1,1.3,2.5,50.0,0.0,0.0,0.0,0.6,0.9,62.5,1.5,2.1,3.6,0.6,0.5,0.3,0.4,1.3,9.8,1,0
James Webb III,BKN,24,9,1,8,12.0,1.6,0.6,2.3,23.8,0.4,1.9,23.5,0.0,0.0,0.0,0.8,1.7,2.4,0.4,0.3,0.1,0.0,1.1,5.2,0,0
Salah Mejri,DAL,31,59,20,39,12.0,3.5,1.5,2.3,64.4,0.0,0.1,0.0,0.6,1.0,58.3,1.4,2.7,4.1,0.6,0.6,0.4,1.1,2.0,13.1,1,0
Sam Dekker,LAC,23,69,36,33,11.8,4.0,1.7,3.5,48.1,0.1,0.9,16.7,0.5,0.8,67.9,0.6,1.7,2.2,0.5,0.4,0.3,0.1,0.9,8.3,0,0
Isaiah Hicks,NYK,23,13,2,11,11.6,3.2,1.4,3.1,45.0,0.1,0.5,14.3,0.4,0.8,50.0,0.6,1.5,2.2,0.5,0.8,0.2,0.2,2.3,6.7,0,0
Josh Magette,ATL,28,17,3,14,11.6,2.4,0.8,2.5,31.0,0.4,1.2,33.3,0.5,0.5,100,0.1,0.9,1.1,3.2,0.5,0.4,0.0,0.9,9.2,0,0
Juancho Hernangomez,DEN,22,24,14,10,11.5,3.4,1.2,3.1,39.2,0.6,2.0,28.6,0.4,0.5,83.3,0.8,1.5,2.3,0.5,0.4,0.3,0.1,1.0,7.6,0,0
Eric Moreland,DET,26,62,30,32,11.4,1.8,0.8,1.6,52.0,0.0,0.0,0.0,0.2,0.4,38.5,1.2,2.8,4.0,1.1,0.6,0.4,0.7,1.7,11.0,1,0
Isaiah Whitehead,BKN,23,16,2,14,11.2,6.3,2.5,5.4,46.5,0.4,1.1,38.9,0.8,1.2,68.4,0.3,1.4,1.6,1.3,1.5,0.5,0.1,1.4,10.5,0,0
Tyler Ennis,LAL,23,48,20,28,11.0,3.3,1.4,3.5,40.4,0.2,0.9,23.3,0.3,0.4,70.0,0.3,1.2,1.5,1.6,0.5,0.4,0.2,1.3,8.8,1,0
Cheick Diallo,NOP,21,47,24,23,11.0,4.9,2.0,3.4,57.1,0.0,0.0,0.0,1.0,1.3,78.7,0.9,3.2,4.0,0.3,0.5,0.2,0.4,1.5,11.7,3,0
Davon Reed,PHX,22,17,0,17,10.9,2.8,1.0,3.4,29.8,0.5,1.6,32.1,0.3,0.5,62.5,0.1,1.7,1.8,0.5,0.4,0.5,0.1,0.7,7.3,0,0
Jack Cooley,SAC,26,4,2,2,10.9,5.0,2.0,3.8,53.3,0.0,0.0,0.0,1.0,1.3,80.0,2.3,2.5,4.8,1.0,0.0,0.3,0.0,1.8,13.0,0,0
Sean Kilpatrick,CHI,28,47,21,26,10.8,5.0,1.6,4.8,33.9,0.7,2.5,27.6,1.0,1.1,92.5,0.1,1.5,1.6,0.8,0.6,0.2,0.0,0.6,8.2,0,0
Abdel Nader,BOS,24,42,31,11,10.6,3.1,1.0,3.0,34.1,0.5,1.4,36.7,0.5,0.8,62.9,0.2,1.1,1.4,0.5,0.7,0.3,0.2,1.0,6.3,0,0
Johnny O'Bryant III,CHA,24,36,15,21,10.5,4.8,1.9,4.8,39.8,0.4,1.2,32.6,0.6,0.7,84.0,0.8,1.8,2.6,0.4,0.4,0.3,0.2,1.3,9.3,0,0
Milton Doyle,BKN,24,6,0,6,10.5,3.0,1.2,4.2,28.0,0.3,2.2,15.4,0.3,0.5,66.7,0.3,1.2,1.5,0.7,0.3,0.3,0.2,0.5,7.0,0,0
Joe Young,IND,25,50,27,23,10.4,3.8,1.5,3.4,43.3,0.4,1.2,36.7,0.4,0.6,75.9,0.2,1.0,1.2,0.7,0.5,0.3,0.0,0.7,6.8,0,0
Cedi Osman,CLE,22,56,32,24,10.4,3.7,1.4,2.8,51.3,0.5,1.2,39.7,0.4,0.6,57.1,0.3,1.6,1.9,0.5,0.5,0.3,0.1,1.3,7.3,0,0
Alec Peters,PHX,22,16,0,16,10.2,2.4,0.8,3.0,27.1,0.5,2.5,20.0,0.3,0.3,100,0.4,1.2,1.6,0.6,0.1,0.1,0.1,0.4,5.7,0,0
Willie Reed,DET,27,42,20,22,10.2,4.6,1.9,2.9,66.9,0.0,0.0,50.0,0.8,1.3,58.2,0.8,2.0,2.9,0.2,0.5,0.2,0.5,1.3,10.2,1,0
James Young,PHI,22,6,4,2,10.2,2.8,0.8,2.3,35.7,0.5,1.7,30.0,0.7,1.0,66.7,0.0,0.3,0.3,0.3,0.2,0.0,0.0,0.7,3.6,0,0
Joffrey Lauvergne,SAS,26,52,28,24,10.1,4.3,1.9,3.6,52.2,0.0,0.1,0.0,0.6,0.9,64.4,1.2,2.1,3.3,0.7,0.6,0.2,0.1,0.9,9.3,1,0
